-- ====================================================================
-- UNIVERSIDADE FEDERAL DO CEARÁ - CAMPUS QUIXADÁ
-- QXD0011 - FUNDAMENTOS DE BANCO DE DADOS
-- PROF. FRANCISCO VICTOR DA SILVA PINHEIRO
--
-- TRABALHO FINAL - SCRIPT UNIFICADO COMPLETO (ENTREGA 3)
-- SISTEMA: UNICARONA
-- EQUIPE: 
--   - Francisca Ariane dos Santos da Silva
--   - Gabriel Braga Martins
--   - Kailany Sofia Alves de Lima
--   - Pablo Brandão Passos
--   - Raul Camurça Rabelo de Almeida
-- ====================================================================

-- TODOS OS COMANDOS EM UM ARQUIVO SÓ

-- ====================================================================
-- PARTE 1: COMANDOS DDL (CRIAÇÃO DAS ESTRUTURAS)
-- ====================================================================

DROP TABLE IF EXISTS PAGAMENTO CASCADE;
DROP TABLE IF EXISTS AVALIACAO CASCADE;
DROP TABLE IF EXISTS MENSAGEM CASCADE;
DROP TABLE IF EXISTS RESERVA CASCADE;
DROP TABLE IF EXISTS CARONA CASCADE;
DROP TABLE IF EXISTS LOCAL CASCADE;
DROP TABLE IF EXISTS VEICULO CASCADE;
DROP TABLE IF EXISTS MOTORISTA CASCADE;
DROP TABLE IF EXISTS USUARIO CASCADE;

-- CRIANDO TABELA USUARIO
CREATE TABLE USUARIO (
    cpf VARCHAR(11) NOT NULL,
    nome VARCHAR(100) NOT NULL,
    email VARCHAR(100) NOT NULL UNIQUE,
    telefone VARCHAR(15),
    CONSTRAINT PK_USUARIO PRIMARY KEY (cpf)
);

-- CRIANDO TABELA MOTORISTA
CREATE TABLE MOTORISTA (
    cpf VARCHAR(11) NOT NULL,
    numero_cnh VARCHAR(20) NOT NULL UNIQUE,
    validade_cnh DATE NOT NULL,
    CONSTRAINT PK_MOTORISTA PRIMARY KEY (cpf),
    CONSTRAINT FK_MOTORISTA_USUARIO FOREIGN KEY (cpf) REFERENCES USUARIO(cpf) ON DELETE CASCADE
);

-- CRIANDO TABELA VEICULO
CREATE TABLE VEICULO (
    placa VARCHAR(7) NOT NULL,
    cpf_motorista VARCHAR(11) NOT NULL,
    modelo VARCHAR(50) NOT NULL,
    marca VARCHAR(50) NOT NULL,
    cor VARCHAR(30),
    capacidade_passageiros INT NOT NULL,
    CONSTRAINT PK_VEICULO PRIMARY KEY (placa),
    CONSTRAINT FK_VEICULO_MOTORISTA FOREIGN KEY (cpf_motorista) REFERENCES MOTORISTA(cpf) ON DELETE CASCADE,
    CONSTRAINT UNQ_VEICULO_MOTORISTA UNIQUE (placa, cpf_motorista)
);

-- CRIANDO TABELA LOCAL
CREATE TABLE LOCAL (
    id_local INT NOT NULL,
    nome_local VARCHAR(100) NOT NULL,
    cidade VARCHAR(50) NOT NULL,
    bairro VARCHAR(50),
    CONSTRAINT PK_LOCAL PRIMARY KEY (id_local)
);

-- CRIANDO TABELA CARONA
CREATE TABLE CARONA (
    id_carona INT NOT NULL,
    cpf_motorista VARCHAR(11) NOT NULL,
    placa_veiculo VARCHAR(7) NOT NULL,
    id_origem INT NOT NULL,
    id_destino INT NOT NULL,
    data DATE NOT NULL,
    horario TIME NOT NULL,
    vagas_disponiveis INT NOT NULL,
    CONSTRAINT PK_CARONA PRIMARY KEY (id_carona),
    CONSTRAINT FK_CARONA_VEICULO FOREIGN KEY (placa_veiculo) REFERENCES VEICULO(placa),
    CONSTRAINT FK_CARONA_MOTORISTA FOREIGN KEY (cpf_motorista) REFERENCES MOTORISTA(cpf),
    CONSTRAINT FK_CARONA_ORIGEM FOREIGN KEY (id_origem) REFERENCES LOCAL(id_local),
    CONSTRAINT FK_CARONA_DESTINO FOREIGN KEY (id_destino) REFERENCES LOCAL(id_local)
);

-- CRIANDO TABELA RESERVA
CREATE TABLE RESERVA (
    id_reserva INT NOT NULL,
    cpf_usuario VARCHAR(11) NOT NULL,
    id_carona INT NOT NULL,
    status VARCHAR(20) NOT NULL,
    data_reserva DATE NOT NULL,
    CONSTRAINT PK_RESERVA PRIMARY KEY (id_reserva),
    CONSTRAINT FK_RESERVA_USUARIO FOREIGN KEY (cpf_usuario) REFERENCES USUARIO(cpf),
    CONSTRAINT FK_RESERVA_CARONA FOREIGN KEY (id_carona) REFERENCES CARONA(id_carona)
);

-- CRIANDO TABELA MENSAGEM
CREATE TABLE MENSAGEM (
    id_mensagem INT NOT NULL,
    cpf_remetente VARCHAR(11) NOT NULL,
    cpf_destinatario VARCHAR(11) NOT NULL,
    conteudo TEXT NOT NULL,
    data_envio DATE NOT NULL,
    CONSTRAINT PK_MENSAGEM PRIMARY KEY (id_mensagem),
    CONSTRAINT FK_MENSAGEM_REMETENTE FOREIGN KEY (cpf_remetente) REFERENCES USUARIO(cpf),
    CONSTRAINT FK_MENSAGEM_DESTINATARIO FOREIGN KEY (cpf_destinatario) REFERENCES USUARIO(cpf)
);

-- CRIANDO TABELA AVALIACAO
CREATE TABLE AVALIACAO (
    id_avaliacao INT NOT NULL,
    cpf_avaliador VARCHAR(11) NOT NULL,
    cpf_avaliado VARCHAR(11) NOT NULL,
    nota INT NOT NULL CHECK (nota BETWEEN 1 AND 5),
    comentario TEXT,
    data DATE NOT NULL,
    CONSTRAINT PK_AVALIACAO PRIMARY KEY (id_avaliacao),
    CONSTRAINT FK_AVALIACAO_AVALIADOR FOREIGN KEY (cpf_avaliador) REFERENCES USUARIO(cpf),
    CONSTRAINT FK_AVALIACAO_AVALIADO FOREIGN KEY (cpf_avaliado) REFERENCES USUARIO(cpf)
);

-- CRIANDO TABELA PAGAMENTO
CREATE TABLE PAGAMENTO (
    id_pagamento INT NOT NULL,
    id_reserva INT NOT NULL,
    valor NUMERIC(10,2) NOT NULL,
    status VARCHAR(20) NOT NULL,
    forma_pagamento VARCHAR(30) NOT NULL,
    data_pagamento DATE,
    CONSTRAINT PK_PAGAMENTO PRIMARY KEY (id_pagamento),
    CONSTRAINT FK_PAGAMENTO_RESERVA FOREIGN KEY (id_reserva) REFERENCES RESERVA(id_reserva)
);

-- ====================================================================
-- PARTE 2: COMANDOS DML DE INSERÇÃO DE DADOS - 120+ REGISTROS POR TABELA
-- ====================================================================


-- 1. POPULANDO USUARIOS
INSERT INTO USUARIO (cpf, nome, email, telefone) VALUES
('00000000011', 'Aline Barros', 'aline.barros@email.com', '85900000011'),
('00000000012', 'Ricardo Gomes', 'ricardo.gomes@email.com', '85900000012'),
('00000000013', 'João Almeida', 'joao.almeida@email.com', '85900000013'),
('00000000031', 'Lucas Andrade', 'lucas.andrade@email.com', '85900000031'),
('00000000032', 'Carl Johnson', 'cj@email.com', '85969670031'),
('00000000033', 'Marcos Vinícius', 'marcos.vinicius@email.com', '85900000033'),
('00000000101', 'Carlos Silva', 'carlos@email.com', '85900000101'),
('00000000102', 'Amanda Costa', 'amanda@email.com', '85900000102'),
('00000000103', 'Tony Montana', 'tm@email.com', '85900000103'),
('00000000104', 'Donald Love', 'donald@email.com', '85900000104'),
('00000000105', 'Daniel Dias', 'daniel@email.com', '85900000105'),
('00000000106', 'Eduarda Lima', 'eduarda@email.com', '85900000106'),
('00000000107', 'Felipe Neves', 'felipe@email.com', '85900000107'),
('00000000108', 'Fernanda Mota', 'fernanda@email.com', '85900000108'),
('00000000109', 'Gustavo Reis', 'gustavo@email.com', '85900000109'),
('00000000110', 'Helena Cruz', 'helena@email.com', '85900000110'),
('00000000111', 'Igor Souza', 'igor@email.com', '85900000111'),
('00000000112', 'Isabela Santos', 'isabela@email.com', '85900000112'),
('00000000113', 'Jonas Alves', 'jonas@email.com', '85900000113'),
('00000000114', 'Júlia Nogueira', 'julia@email.com', '85900000114'),
('00000000115', 'Kauan Ramos', 'kauan@email.com', '85900000115'),
('00000000116', 'Larissa Freitas', 'larissa@email.com', '85900000116'),
('00000000117', 'Leonardo Pinto', 'leonardo@email.com', '85900000117'),
('00000000118', 'Letícia Castro', 'leticia@email.com', '85900000118'),
('00000000119', 'Matheus Aguiar', 'matheus@email.com', '85900000119'),
('00000000120', 'Mariana Sales', 'mariana@email.com', '85900000120'),
('00000000121', 'Nathan Xavier', 'nathan@email.com', '85900000121'),
('00000000122', 'Natália Ribeiro', 'natalia@email.com', '85900000122'),
('00000000123', 'Otávio Borges', 'otavio@email.com', '85900000123'),
('00000000124', 'Patrícia Vieira', 'patricia@email.com', '85900000124'),
('00000000125', 'Pedro Fontes', 'pedro@email.com', '85900000125'),
('00000000126', 'Priscila Carvalho', 'priscila@email.com', '85900000126'),
('00000000127', 'Rafael Moreira', 'rafael@email.com', '85900000127'),
('00000000128', 'Raquel Teixeira', 'raquel@email.com', '85900000128'),
('00000000129', 'Samuel Barbosa', 'samuel@email.com', '85900000129'),
('00000000130', 'Sara Machado', 'sara@email.com', '85900000130'),
('00000000131', 'Thiago Cunha', 'thiago@email.com', '85900000131'),
('00000000132', 'Tatiana Fontes', 'tatiana@email.com', '85900000132'),
('00000000133', 'Vitor Rezende', 'vitor@email.com', '85900000133'),
('00000000134', 'Vanessa Nunes', 'vanessa@email.com', '85900000134'),
('00000000135', 'Yago Martins', 'yago@email.com', '85900000135'),
('00000000136', 'Yasmin Toledo', 'yasmin@email.com', '85900000136'),
('00000000137', 'Arthur Pegoraro', 'arthur@email.com', '85900000137'),
('00000000138', 'Beatriz Arantes', 'beatriz@email.com', '85900000138'),
('00000000139', 'Caio Gaspar', 'caio@email.com', '85900000139'),
('00000000140', 'Diana Siqueira', 'diana@email.com', '85900000140'),
('00000000141', 'Erick Farias', 'erick@email.com', '85900000141'),
('00000000142', 'Flávia Viana', 'flavia@email.com', '85900000142'),
('00000000143', 'Guilherme Macedo', 'guilherme@email.com', '85900000143'),
('00000000144', 'Ingrid Arruda', 'ingrid@email.com', '85900000144'),
('00000000145', 'Júlio Medeiros', 'julio@email.com', '85900000145'),
('00000000146', 'Karina Paiva', 'karina@email.com', '85900000146'),
('00000000147', 'Luiz Gonzaga', 'luiz@email.com', '85900000147'),
('00000000148', 'Mônica Mendes', 'monica@email.com', '85900000148'),
('00000000149', 'Nicolas Belmonte', 'nicolas@email.com', '85900000149'),
('00000000150', 'Olívia Marinho', 'olivia@email.com', '85900000150'),
('00000000151', 'Renan Peixoto', 'renan@email.com', '85900000151'),
('00000000152', 'Sabrina Guerra', 'sabrina@email.com', '85900000152'),
('00000000153', 'Tomás Aquino', 'tomas@email.com', '85900000153'),
('00000000154', 'Vitória Régia', 'vitoria@email.com', '85900000154'),
('00000000155', 'Walter Cardozo', 'walter@email.com', '85900000155'),
('00000000156', 'Simone Mendes', 'simone@email.com', '85900000156'),
('00000000157', 'Roberto Carlos', 'roberto@email.com', '85900000157'),
('00000000158', 'Daniela Mercury', 'daniela@email.com', '85900000158'),
('00000000159', 'Ivete Sangalo', 'ivete@email.com', '85900000159'),
('00000000160', 'Zeca Pagodinho', 'zeca@email.com', '85900000160'),
('00000000161', 'Gilberto Gil', 'gilberto@email.com', '85900000161'),
('00000000162', 'Caetano Veloso', 'caetano@email.com', '85900000162'),
('00000000163', 'Chico Buarque', 'chico@email.com', '85900000163'),
('00000000164', 'Nando Reis', 'nando@email.com', '85900000164'),
('00000000165', 'Marisa Monte', 'marisa@email.com', '85900000165'),
('00000000166', 'Rita Lee', 'rita@email.com', '85900000166'),
('00000000167', 'Lulu Santos', 'lulu@email.com', '85900000167'),
('00000000168', 'Cazuza Araujo', 'cazuza@email.com', '85900000168'),
('00000000169', 'Renato Russo', 'renato@email.com', '85900000169'),
('00000000170', 'Tim Maia', 'tim@email.com', '85900000170'),
('00000000171', 'Jorge Ben', 'jorge@email.com', '85900000171'),
('00000000172', 'Alceu Valença', 'alceu@email.com', '85900000172'),
('00000000173', 'Fagner Silva', 'fagner@email.com', '85900000173'),
('00000000174', 'Belchior Costa', 'belchior@email.com', '85900000174'),
('00000000175', 'Djavan Santos', 'djavan@email.com', '85900000175'),
('00000000176', 'Milton Nascimento', 'milton@email.com', '85900000176'),
('00000000177', 'Elis Regina', 'elis@email.com', '85900000177'),
('00000000178', 'Gal Costa', 'gal@email.com', '85900000178'),
('00000000179', 'Maria Bethânia', 'bethania@email.com', '85900000179'),
('00000000180', 'Elza Soares', 'elza@email.com', '85900000180'),
('00000000181', 'Seu Jorge', 'seujorge@email.com', '85900000181'),
('00000000182', 'Criolo Diniz', 'criolo@email.com', '85900000182'),
('00000000183', 'Emicida Rocha', 'emicida@email.com', '85900000183'),
('00000000184', 'Lenine Santos', 'lenine@email.com', '85900000184'),
('00000000185', 'Zélia Duncan', 'zelia@email.com', '85900000185'),
('00000000186', 'Adriana Calcanhotto', 'adriana@email.com', '85900000186'),
('00000000187', 'Marília Mendonça', 'marilia@email.com', '85900000187'),
('00000000188', 'Gusttavo Lima', 'gusttavo@email.com', '85900000188'),
('00000000189', 'Luan Santana', 'luan@email.com', '85900000189'),
('00000000190', 'Anitta Machado', 'anitta@email.com', '85900000190'),
('00000000191', 'Pabllo Vittar', 'pabllo@email.com', '85900000191'),
('00000000192', 'Ludmilla Oliveira', 'ludmilla@email.com', '85900000192'),
('00000000193', 'Iza Lima', 'iza@email.com', '85900000193'),
('00000000194', 'Duda Beat', 'duda@email.com', '85900000194'),
('00000000195', 'Silva Ramos', 'silva@email.com', '85900000195'),
('00000000196', 'Luis Inacio', 'jao@email.com', '85900000196'),
('00000000197', 'Gloria Groove', 'gloria@email.com', '85900000197'),
('00000000198', 'Luísa Sonza', 'luisa@email.com', '85900000198'),
('00000000199', 'Baco Exu', 'baco@email.com', '85900000199'),
('00000000200', 'Liniker Barros', 'liniker@email.com', '85900000200'),
('00000000201', 'Zé Ramalho', 'zeramalho@email.com', '85900000201'),
('00000000202', 'Geraldo Azevedo', 'geraldo@email.com', '85900000202'),
('00000000203', 'Elba Ramalho', 'elba@email.com', '85900000203'),
('00000000204', 'Dominguinhos Silva', 'dominguinhos@email.com', '85900000204'),
('00000000205', 'Luiz Gonzaga Filho', 'gonzaguinha@email.com', '85900000205'),
('00000000206', 'Jackson Pandeiro', 'jackson@email.com', '85900000206'),
('00000000207', 'Alcione Dias', 'alcione@email.com', '85900000207'),
('00000000208', 'Beth Carvalho', 'beth@email.com', '85900000208'),
('00000000209', 'Paulinho Viola', 'paulinho@email.com', '85900000209'),
('00000000210', 'Cartola Silva', 'cartola@email.com', '85900000210'),
('00000000211', 'Nelson Cavaquinho', 'nelson@email.com', '85900000211'),
('00000000212', 'Pixinguinha Alves', 'pixinguinha@email.com', '85900000212'),
('00000000213', 'Baden Powell', 'baden@email.com', '85900000213'),
('00000000214', 'Tom Jobim', 'tomjobim@email.com', '85900000214'),
('00000000215', 'Vinicius Moraes', 'vinicius@email.com', '85900000215'),
('00000000216', 'Chico Science', 'science@email.com', '85900000216'),
('00000000217', 'Lobão Mello', 'lobao@email.com', '85900000217'),
('00000000218', 'Arnaldo Antunes', 'arnaldo@email.com', '85900000218');

-- 2. POPULANDO MOTORISTAS
INSERT INTO MOTORISTA (cpf, numero_cnh, validade_cnh) VALUES
('00000000011', 'CNH0000011', '2027-05-12'),
('00000000012', 'CNH0000012', '2026-08-25'),
('00000000013', 'CNH0000013', '2028-02-15'),
('00000000101', 'CNH0000101', '2027-04-11'),
('00000000102', 'CNH0000102', '2027-08-14'),
('00000000103', 'CNH0000103', '2028-01-19'),
('00000000104', 'CNH0000104', '2027-09-22'),
('00000000105', 'CNH0000105', '2026-11-05'),
('00000000106', 'CNH0000106', '2028-03-30'),
('00000000107', 'CNH0000107', '2027-02-17'),
('00000000108', 'CNH0000108', '2026-10-12'),
('00000000109', 'CNH0000109', '2028-05-25'),
('00000000110', 'CNH0000110', '2027-01-08'),
('00000000111', 'CNH0000111', '2028-07-19'),
('00000000112', 'CNH0000112', '2027-12-04'),
('00000000113', 'CNH0000113', '2026-09-13'),
('00000000114', 'CNH0000114', '2028-11-28'),
('00000000115', 'CNH0000115', '2027-06-02'),
('00000000116', 'CNH0000116', '2028-04-17'),
('00000000117', 'CNH0000117', '2026-12-21'),
('00000000118', 'CNH0000118', '2027-10-10'),
('00000000119', 'CNH0000119', '2028-08-05'),
('00000000120', 'CNH0000120', '2027-03-14'),
('00000000121', 'CNH0000121', '2028-02-20'),
('00000000122', 'CNH0000122', '2026-07-07'),
('00000000123', 'CNH0000123', '2027-11-11'),
('00000000124', 'CNH0000124', '2028-06-18'),
('00000000125', 'CNH0000125', '2027-05-09'),
('00000000126', 'CNH0000126', '2028-09-01'),
('00000000127', 'CNH0000127', '2026-08-19'),
('00000000128', 'CNH0000128', '2027-12-25'),
('00000000129', 'CNH0000129', '2028-01-30'),
('00000000130', 'CNH0000130', '2027-04-15'),
('00000000131', 'CNH0000131', '2026-10-22'),
('00000000132', 'CNH0000132', '2028-03-05'),
('00000000133', 'CNH0000133', '2027-07-12'),
('00000000134', 'CNH0000134', '2028-02-14'),
('00000000135', 'CNH0000135', '2026-11-30'),
('00000000136', 'CNH0000136', '2027-09-09'),
('00000000137', 'CNH0000137', '2028-05-18'),
('00000000138', 'CNH0000138', '2027-01-27'),
('00000000139', 'CNH0000139', '2026-06-13'),
('00000000140', 'CNH0000140', '2028-10-04'),
('00000000141', 'CNH0000141', '2027-03-19'),
('00000000142', 'CNH0000142', '2028-08-29'),
('00000000143', 'CNH0000143', '2026-12-01'),
('00000000144', 'CNH0000144', '2027-11-15'),
('00000000145', 'CNH0000145', '2028-04-03'),
('00000000146', 'CNH0000146', '2027-07-21'),
('00000000147', 'CNH0000147', '2026-10-10'),
('00000000148', 'CNH0000148', '2028-01-01'),
('00000000149', 'CNH0000149', '2027-06-14'),
('00000000150', 'CNH0000150', '2028-09-25'),
('00000000151', 'CNH0000151', '2026-05-12'),
('00000000152', 'CNH0000152', '2027-12-19'),
('00000000153', 'CNH0000153', '2028-03-08'),
('00000000154', 'CNH0000154', '2027-02-24'),
('00000000155', 'CNH0000155', '2026-07-16'),
('00000000156', 'CNH0000156', '2028-11-02'),
('00000000157', 'CNH0000157', '2027-04-20'),
('00000000158', 'CNH0000158', '2028-06-05'),
('00000000159', 'CNH0000159', '2026-09-17'),
('00000000160', 'CNH0000160', '2027-10-30'),
('00000000161', 'CNH0000161', '2028-01-25'),
('00000000162', 'CNH0000162', '2027-08-08'),
('00000000163', 'CNH0000163', '2026-12-14'),
('00000000164', 'CNH0000164', '2028-05-01'),
('00000000165', 'CNH0000165', '2027-03-27'),
('00000000166', 'CNH0000166', '2028-07-11'),
('00000000167', 'CNH0000167', '2026-11-19'),
('00000000168', 'CNH0000168', '2027-09-02'),
('00000000169', 'CNH0000169', '2028-02-28'),
('00000000170', 'CNH0000170', '2027-06-06'),
('00000000171', 'CNH0000171', '2026-08-15'),
('00000000172', 'CNH0000172', '2028-04-22'),
('00000000173', 'CNH0000173', '2027-01-10'),
('00000000174', 'CNH0000174', '2028-10-18'),
('00000000175', 'CNH0000175', '2026-12-25'),
('00000000176', 'CNH0000176', '2027-05-31'),
('00000000177', 'CNH0000177', '2028-09-14'),
('00000000178', 'CNH0000178', '2026-07-03'),
('00000000179', 'CNH0000179', '2027-11-20'),
('00000000180', 'CNH0000180', '2028-03-12'),
('00000000181', 'CNH0000181', '2026-10-05'),
('00000000182', 'CNH0000182', '2027-08-22'),
('00000000183', 'CNH0000183', '2028-06-15'),
('00000000184', 'CNH0000184', '2027-02-09'),
('00000000185', 'CNH0000185', '2026-12-18'),
('00000000186', 'CNH0000186', '2028-01-24'),
('00000000187', 'CNH0000187', '2027-07-07'),
('00000000188', 'CNH0000188', '2028-04-19'),
('00000000189', 'CNH0000189', '2026-09-30'),
('00000000190', 'CNH0000190', '2027-11-04'),
('00000000191', 'CNH0000191', '2028-03-25'),
('00000000192', 'CNH0000192', '2026-08-11'),
('00000000193', 'CNH0000193', '2027-05-19'),
('00000000194', 'CNH0000194', '2028-10-01'),
('00000000195', 'CNH0000195', '2026-12-16'),
('00000000196', 'CNH0000196', '2027-06-30'),
('00000000197', 'CNH0000197', '2028-02-12'),
('00000000198', 'CNH0000198', '2027-09-15'),
('00000000199', 'CNH0000199', '2026-07-28'),
('00000000200', 'CNH0000200', '2028-01-05'),
('00000000201', 'CNH0000201', '2027-04-14'),
('00000000202', 'CNH0000202', '2028-08-20'),
('00000000203', 'CNH0000203', '2026-11-23'),
('00000000204', 'CNH0000204', '2027-12-12'),
('00000000205', 'CNH0000205', '2028-05-05'),
('00000000206', 'CNH0000206', '2026-10-17'),
('00000000207', 'CNH0000207', '2027-07-09'),
('00000000208', 'CNH0000208', '2028-03-22'),
('00000000209', 'CNH0000209', '2026-09-02'),
('00000000210', 'CNH0000210', '2027-06-16'),
('00000000211', 'CNH0000211', '2028-01-11'),
('00000000212', 'CNH0000212', '2027-11-18'),
('00000000213', 'CNH0000213', '2026-08-04'),
('00000000214', 'CNH0000214', '2028-04-30'),
('00000000215', 'CNH0000215', '2027-02-14'),
('00000000216', 'CNH0000216', '2027-09-21'),
('00000000217', 'CNH0000217', '2028-05-14');

-- 3. POPULANDO VEICULOS
INSERT INTO VEICULO (placa, cpf_motorista, modelo, marca, cor, capacidade_passageiros) VALUES
('ABC1A11', '00000000011', 'Corolla', 'Toyota', 'Preto', 4),
('ABC1A12', '00000000012', 'HB20', 'Hyundai', 'Branco', 4),
('ABC1A13', '00000000013', 'Onix', 'Chevrolet', 'Prata', 4),
('OXX1011', '00000000101', 'Gol', 'Volkswagen', 'Vermelho', 4),
('OXX1012', '00000000102', 'Palio', 'Fiat', 'Azul', 4),
('OXX1013', '00000000103', 'Civic', 'Honda', 'Cinza', 4),
('OXX1014', '00000000104', 'Sandero', 'Renault', 'Preto', 4),
('OXX1015', '00000000105', 'Ka', 'Ford', 'Branco', 4),
('OXX1016', '00000000106', 'Prisma', 'Chevrolet', 'Prata', 4),
('OXX1017', '00000000107', 'Uno', 'Fiat', 'Verde', 4),
('OXX1018', '00000000108', 'Argo', 'Fiat', 'Preto', 4),
('OXX1019', '00000000109', 'Yaris', 'Toyota', 'Branco', 4),
('OXX1020', '00000000110', 'Fit', 'Honda', 'Azul', 4),
('OXX1021', '00000000111', 'Cronos', 'Fiat', 'Vinho', 4),
('OXX1022', '00000000112', 'Logan', 'Renault', 'Prata', 4),
('OXX1023', '00000000113', 'Polo', 'Volkswagen', 'Preto', 4),
('OXX1024', '00000000114', 'Virtus', 'Volkswagen', 'Branco', 4),
('OXX1025', '00000000115', 'Cruze', 'Chevrolet', 'Cinza', 4),
('OXX1026', '00000000116', 'City', 'Honda', 'Preto', 4),
('OXX1027', '00000000117', 'Etios', 'Toyota', 'Prata', 4),
('OXX1028', '00000000118', 'Kwid', 'Renault', 'Laranja', 4),
('OXX1029', '00000000119', 'Mobi', 'Fiat', 'Branco', 4),
('OXX1030', '00000000120', 'Fox', 'Volkswagen', 'Vermelho', 4),
('OXX1031', '00000000121', 'Up', 'Volkswagen', 'Cinza', 4),
('OXX1032', '00000000122', 'Fiesta', 'Ford', 'Preto', 4),
('OXX1033', '00000000123', 'Focus', 'Ford', 'Prata', 4),
('OXX1034', '00000000124', 'Ecosport', 'Ford', 'Branco', 4),
('OXX1035', '00000000125', 'Duster', 'Renault', 'Marrom', 4),
('OXX1036', '00000000126', 'Captur', 'Renault', 'Preto', 4),
('OXX1037', '00000000127', 'Creta', 'Hyundai', 'Prata', 4),
('OXX1038', '00000000128', 'Ix35', 'Hyundai', 'Branco', 4),
('OXX1039', '00000000129', 'Tucson', 'Hyundai', 'Cinza', 4),
('OXX1040', '00000000130', 'Compass', 'Jeep', 'Preto', 4),
('OXX1041', '00000000131', 'Renegade', 'Jeep', 'Verde', 4),
('OXX1042', '00000000132', 'Tracker', 'Chevrolet', 'Branco', 4),
('OXX1043', '00000000133', 'Equinox', 'Chevrolet', 'Preto', 4),
('OXX1044', '00000000134', 'Spin', 'Chevrolet', 'Prata', 6),
('OXX1045', '00000000135', 'Cobalt', 'Chevrolet', 'Cinza', 4),
('OXX1046', '00000000136', 'S10', 'Chevrolet', 'Branco', 4),
('OXX1047', '00000000137', 'Ranger', 'Ford', 'Preto', 4),
('OXX1048', '00000000138', 'Hilux', 'Toyota', 'Prata', 4),
('OXX1049', '00000000139', 'Amarok', 'Volkswagen', 'Cinza', 4),
('OXX1050', '00000000140', 'T-Cross', 'Volkswagen', 'Branco', 4),
('OXX1051', '00000000141', 'Nivus', 'Volkswagen', 'Vinho', 4),
('OXX1052', '00000000142', 'Taos', 'Volkswagen', 'Preto', 4),
('OXX1053', '00000000143', 'Tiguan', 'Volkswagen', 'Prata', 4),
('OXX1054', '00000000144', 'Jetta', 'Volkswagen', 'Branco', 4),
('OXX1055', '00000000145', 'Golf', 'Volkswagen', 'Vermelho', 4),
('OXX1056', '00000000146', 'Voyage', 'Volkswagen', 'Cinza', 4),
('OXX1057', '00000000147', 'Siena', 'Fiat', 'Preto', 4),
('OXX1058', '00000000148', 'Linea', 'Fiat', 'Prata', 4),
('OXX1059', '00000000149', 'Bravo', 'Fiat', 'Branco', 4),
('OXX1060', '00000000150', 'Stilo', 'Fiat', 'Amarelo', 4),
('OXX1061', '00000000151', 'Toro', 'Fiat', 'Vinho', 4),
('OXX1062', '00000000152', 'Strada', 'Fiat', 'Branco', 2),
('OXX1063', '00000000153', 'Fiorino', 'Fiat', 'Branco', 2),
('OXX1064', '00000000154', 'Idea', 'Fiat', 'Cinza', 4),
('OXX1065', '00000000155', 'Weekend', 'Fiat', 'Prata', 4),
('OXX1066', '00000000156', 'Punto', 'Fiat', 'Preto', 4),
('OXX1067', '00000000157', 'Doblo', 'Fiat', 'Verde', 6),
('OXX1068', '00000000158', 'Ducato', 'Fiat', 'Branco', 15),
('OXX1069', '00000000159', 'Master', 'Renault', 'Prata', 15),
('OXX1070', '00000000160', 'Sprinter', 'Mercedes', 'Branco', 15),
('OXX1071', '00000000161', 'Clio', 'Renault', 'Cinza', 4),
('OXX1072', '00000000162', 'Symbol', 'Renault', 'Preto', 4),
('OXX1073', '00000000163', 'Megane', 'Renault', 'Prata', 4),
('OXX1074', '00000000164', 'Fluence', 'Renault', 'Branco', 4),
('OXX1075', '00000000165', 'Scenic', 'Renault', 'Verde', 4),
('OXX1076', '00000000166', 'Koleos', 'Renault', 'Preto', 4),
('OXX1077', '00000000167', 'Oroch', 'Renault', 'Vinho', 4),
('OXX1078', '00000000168', 'C3', 'Citroen', 'Branco', 4),
('OXX1079', '00000000169', 'C4', 'Citroen', 'Preto', 4),
('OXX1080', '00000000170', 'Aircross', 'Citroen', 'Prata', 4),
('OXX1081', '00000000171', 'Lounge', 'Citroen', 'Cinza', 4),
('OXX1082', '00000000172', 'C5', 'Citroen', 'Azul', 4),
('OXX1083', '00000000173', '206', 'Peugeot', 'Prata', 4),
('OXX1084', '00000000174', '207', 'Peugeot', 'Preto', 4),
('OXX1085', '00000000175', '208', 'Peugeot', 'Branco', 4),
('OXX1086', '00000000176', '307', 'Peugeot', 'Cinza', 4),
('OXX1087', '00000000177', '308', 'Peugeot', 'Vermelho', 4),
('OXX1088', '00000000178', '408', 'Peugeot', 'Preto', 4),
('OXX1089', '00000000179', '508', 'Peugeot', 'Azul', 4),
('OXX1090', '00000000180', '2008', 'Peugeot', 'Marrom', 4),
('OXX1091', '00000000181', '3008', 'Peugeot', 'Preto', 4),
('OXX1092', '00000000182', '5008', 'Peugeot', 'Prata', 4),
('OXX1093', '00000000183', 'Partner', 'Peugeot', 'Branco', 2),
('OXX1094', '00000000184', 'Hoggar', 'Peugeot', 'Cinza', 2),
('OXX1095', '00000000185', 'Cerato', 'Kia', 'Branco', 4),
('OXX1096', '00000000186', 'Sportage', 'Kia', 'Preto', 4),
('OXX1097', '00000000187', 'Sorento', 'Kia', 'Prata', 4),
('OXX1098', '00000000188', 'Soul', 'Kia', 'Vermelho', 4),
('OXX1099', '00000000189', 'Picanto', 'Kia', 'Azul', 4),
('OXX1100', '00000000190', 'Rio', 'Kia', 'Branco', 4),
('OXX1101', '00000000191', 'Kicks', 'Nissan', 'Cinza', 4),
('OXX1102', '00000000192', 'March', 'Nissan', 'Preto', 4),
('OXX1103', '00000000193', 'Versa', 'Nissan', 'Prata', 4),
('OXX1104', '00000000194', 'Sentra', 'Nissan', 'Branco', 4),
('OXX1105', '00000000195', 'Frontier', 'Nissan', 'Vinho', 4),
('OXX1106', '00000000196', 'Livina', 'Nissan', 'Preto', 4),
('OXX1107', '00000000197', 'Tiida', 'Nissan', 'Prata', 4),
('OXX1108', '00000000198', 'ASX', 'Mitsubishi', 'Branco', 4),
('OXX1109', '00000000199', 'Lancer', 'Mitsubishi', 'Preto', 4),
('OXX1110', '00000000200', 'Outlander', 'Mitsubishi', 'Cinza', 4),
('OXX1111', '00000000201', 'Pajero', 'Mitsubishi', 'Vinho', 4),
('OXX1112', '00000000202', 'L200', 'Mitsubishi', 'Branco', 4),
('OXX1113', '00000000203', 'Onix Plus', 'Chevrolet', 'Preto', 4),
('OXX1114', '00000000204', 'Impreza', 'Subaru', 'Azul', 4),
('OXX1115', '00000000205', 'Forester', 'Subaru', 'Prata', 4),
('OXX1116', '00000000206', 'XV', 'Subaru', 'Preto', 4),
('OXX1117', '00000000207', 'Outback', 'Subaru', 'Cinza', 4),
('OXX1118', '00000000208', 'Legacy', 'Subaru', 'Branco', 4),
('OXX1119', '00000000209', 'WRX', 'Subaru', 'Azul', 4),
('OXX1120', '00000000210', 'Cherokee', 'Jeep', 'Preto', 4),
('OXX1121', '00000000211', 'Wrangler', 'Jeep', 'Amarelo', 4),
('OXX1122', '00000000212', 'Commander', 'Jeep', 'Cinza', 4),
('OXX1123', '00000000213', 'Grand Cherokee', 'Jeep', 'Branco', 4),
('OXX1124', '00000000215', 'Ram PickUp', 'Dodge', 'Preto', 4),
('OXX1125', '00000000217', 'Journey', 'Dodge', 'Prata', 4),
('OXX1126', '00000000114', 'Civic', 'Honda', 'Branco', 4),
('OXX1127', '00000000216', 'Sandero', 'Renault', 'Prata', 4);

-- 4. POPULANDO LOCAIS
INSERT INTO LOCAL (id_local, nome_local, cidade, bairro) VALUES
(1, 'UFC Quixadá', 'Quixadá', 'Centro'),
(2, 'Rodoviária', 'Quixadá', 'Centro'),
(3, 'Shopping', 'Quixadá', 'Planalto'),
(4, 'Centro', 'Quixadá', 'Centro'),
(5, 'IFCE', 'Quixadá', 'Cedro'),
(6, 'Bloco de Direito - UFC', 'Quixadá', 'Campus'),
(7, 'Bloco de Engenharia - UFC', 'Quixadá', 'Campus'),
(8, 'Restaurante Universitário - UFC', 'Quixadá', 'Campus'),
(9, 'Biblioteca Central - UFC', 'Quixadá', 'Campus'),
(10, 'Auditório Principal - UFC', 'Quixadá', 'Campus'),
(11, 'Praça da Leão', 'Quixadá', 'Centro'),
(12, 'Terminal Rodoviário', 'Quixadá', 'Centro'),
(13, 'Praça da Estação', 'Quixadá', 'Serraria'),
(14, 'Alto São Francisco', 'Quixadá', 'São Francisco'),
(15, 'Igreja Campo Novo', 'Quixadá', 'Campo Novo'),
(16, 'Posto Carrascal', 'Quixadá', 'Carrascal'),
(17, 'Avenida Cedro', 'Quixadá', 'Cedro'),
(18, 'Ponto do Combate', 'Quixadá', 'Combate'),
(19, 'Rotatória Curicaca', 'Quixadá', 'Curicaca'),
(20, 'Estação Baviera', 'Quixadá', 'Baviera'),
(21, 'Hospital Eudásio Barroso', 'Quixadá', 'Centro'),
(22, 'Catedral de Quixadá', 'Quixadá', 'Centro'),
(23, 'Monólitos Shopping', 'Quixadá', 'Planalto'),
(24, 'Terminal de Vans', 'Quixadá', 'Centro'),
(25, 'Prefeitura Municipal', 'Quixadá', 'Centro'),
(26, 'Ponto de Carona A', 'Quixadá', 'Centro'),
(27, 'Ponto de Carona B', 'Quixadá', 'Campus'),
(28, 'Ponto de Carona C', 'Quixadá', 'Planalto'),
(29, 'Ponto de Carona D', 'Quixadá', 'Cedro'),
(30, 'Ponto de Carona E', 'Quixadá', 'Baviera'),
(31, 'Ponto Comercial 31', 'Quixadá', 'Centro'),
(32, 'Ponto de Encontro 32', 'Quixadá', 'Campus'),
(33, 'Esquina da Praça 33', 'Quixadá', 'Planalto'),
(34, 'Parada do Ônibus 34', 'Quixadá', 'Cedro'),
(35, 'Entrada Principal 35', 'Quixadá', 'Baviera'),
(36, 'Ponto Comercial 36', 'Quixadá', 'Centro'),
(37, 'Ponto de Encontro 37', 'Quixadá', 'Campus'),
(38, 'Esquina da Praça 38', 'Quixadá', 'Planalto'),
(39, 'Parada do Ônibus 39', 'Quixadá', 'Cedro'),
(40, 'Entrada Principal 40', 'Quixadá', 'Baviera'),
(41, 'Ponto Comercial 41', 'Quixadá', 'Centro'),
(42, 'Ponto de Encontro 42', 'Quixadá', 'Campus'),
(43, 'Esquina da Praça 43', 'Quixadá', 'Planalto'),
(44, 'Parada do Ônibus 44', 'Quixadá', 'Cedro'),
(45, 'Entrada Principal 45', 'Quixadá', 'Baviera'),
(46, 'Ponto Comercial 46', 'Quixadá', 'Centro'),
(47, 'Ponto de Encontro 47', 'Quixadá', 'Campus'),
(48, 'Esquina da Praça 48', 'Quixadá', 'Planalto'),
(49, 'Parada do Ônibus 49', 'Quixadá', 'Cedro'),
(50, 'Entrada Principal 50', 'Quixadá', 'Baviera'),
(51, 'Ponto Comercial 51', 'Quixadá', 'Centro'),
(52, 'Ponto de Encontro 52', 'Quixadá', 'Campus'),
(53, 'Esquina da Praça 53', 'Quixadá', 'Planalto'),
(54, 'Parada do Ônibus 54', 'Quixadá', 'Cedro'),
(55, 'Entrada Principal 55', 'Quixadá', 'Baviera'),
(56, 'Ponto Comercial 56', 'Quixadá', 'Centro'),
(57, 'Ponto de Encontro 57', 'Quixadá', 'Campus'),
(58, 'Esquina da Praça 58', 'Quixadá', 'Planalto'),
(59, 'Parada do Ônibus 59', 'Quixadá', 'Cedro'),
(60, 'Entrada Principal 60', 'Quixadá', 'Baviera'),
(61, 'Ponto Comercial 61', 'Quixadá', 'Centro'),
(62, 'Ponto de Encontro 62', 'Quixadá', 'Campus'),
(63, 'Esquina da Praça 63', 'Quixadá', 'Planalto'),
(64, 'Parada do Ônibus 64', 'Quixadá', 'Cedro'),
(65, 'Entrada Principal 65', 'Quixadá', 'Baviera'),
(66, 'Ponto Comercial 66', 'Quixadá', 'Centro'),
(67, 'Ponto de Encontro 67', 'Quixadá', 'Campus'),
(68, 'Esquina da Praça 68', 'Quixadá', 'Planalto'),
(69, 'Parada do Ônibus 69', 'Quixadá', 'Cedro'),
(70, 'Entrada Principal 70', 'Quixadá', 'Baviera'),
(71, 'Parada Alternativa 71', 'Quixadá', 'Serraria'),
(72, 'Parada Alternativa 72', 'Quixadá', 'São Francisco'),
(73, 'Parada Alternativa 73', 'Quixadá', 'Campo Novo'),
(74, 'Parada Alternativa 74', 'Quixadá', 'Carrascal'),
(75, 'Parada Alternativa 75', 'Quixadá', 'Serraria'),
(76, 'Parada Alternativa 76', 'Quixadá', 'São Francisco'),
(77, 'Parada Alternativa 77', 'Quixadá', 'Campo Novo'),
(78, 'Parada Alternativa 78', 'Quixadá', 'Carrascal'),
(79, 'Parada Alternativa 79', 'Quixadá', 'Serraria'),
(80, 'Parada Alternativa 80', 'Quixadá', 'São Francisco'),
(81, 'Parada Alternativa 81', 'Quixadá', 'Campo Novo'),
(82, 'Parada Alternativa 82', 'Quixadá', 'Carrascal'),
(83, 'Parada Alternativa 83', 'Quixadá', 'Serraria'),
(84, 'Parada Alternativa 84', 'Quixadá', 'São Francisco'),
(85, 'Parada Alternativa 85', 'Quixadá', 'Campo Novo'),
(86, 'Parada Alternativa 86', 'Quixadá', 'Carrascal'),
(87, 'Parada Alternativa 87', 'Quixadá', 'Serraria'),
(88, 'Parada Alternativa 88', 'Quixadá', 'São Francisco'),
(89, 'Parada Alternativa 89', 'Quixadá', 'Campo Novo'),
(90, 'Parada Alternativa 90', 'Quixadá', 'Carrascal'),
(91, 'Parada Alternativa 91', 'Quixadá', 'Serraria'),
(92, 'Parada Alternativa 92', 'Quixadá', 'São Francisco'),
(93, 'Parada Alternativa 93', 'Quixadá', 'Campo Novo'),
(94, 'Parada Alternativa 94', 'Quixadá', 'Carrascal'),
(95, 'Parada Alternativa 95', 'Quixadá', 'Serraria'),
(96, 'Parada Alternativa 96', 'Quixadá', 'São Francisco'),
(97, 'Parada Alternativa 97', 'Quixadá', 'Campo Novo'),
(98, 'Parada Alternativa 98', 'Quixadá', 'Carrascal'),
(99, 'Parada Alternativa 99', 'Quixadá', 'Serraria'),
(100, 'Entrada Principal 100', 'Quixadá', 'Baviera'),
(101, 'Parada Alternativa 101', 'Quixadá', 'Serraria'),
(102, 'Parada Alternativa 102', 'Quixadá', 'São Francisco'),
(103, 'Parada Alternativa 103', 'Quixadá', 'Campo Novo'),
(104, 'Parada Alternativa 104', 'Quixadá', 'Carrascal'),
(105, 'Parada Alternativa 105', 'Quixadá', 'Serraria'),
(106, 'Parada Alternativa 106', 'Quixadá', 'São Francisco'),
(107, 'Parada Alternativa 107', 'Quixadá', 'Campo Novo'),
(108, 'Parada Alternativa 108', 'Quixadá', 'Carrascal'),
(109, 'Parada Alternativa 109', 'Quixadá', 'Serraria'),
(110, 'Parada Alternativa 110', 'Quixadá', 'São Francisco'),
(111, 'Parada Alternativa 111', 'Quixadá', 'Campo Novo'),
(112, 'Parada Alternativa 112', 'Quixadá', 'Carrascal'),
(113, 'Parada Alternativa 113', 'Quixadá', 'Serraria'),
(114, 'Parada Alternativa 114', 'Quixadá', 'São Francisco'),
(115, 'Parada Alternativa 115', 'Quixadá', 'Campo Novo'),
(116, 'Parada Alternativa 116', 'Quixadá', 'Carrascal'),
(117, 'Parada Alternativa 117', 'Quixadá', 'Serraria'),
(118, 'Parada Alternativa 118', 'Quixadá', 'São Francisco'),
(119, 'Parada Alternativa 119', 'Quixadá', 'Campo Novo'),
(120, 'Parada Alternativa 120', 'Quixadá', 'Carrascal');

-- 5. POPULANDO CARONAS
INSERT INTO CARONA (id_carona, cpf_motorista, placa_veiculo, id_origem, id_destino, data, horario, vagas_disponiveis) VALUES
(31, '00000000011', 'ABC1A11', 1, 4, '2026-07-12', '06:00:00', 3),
(32, '00000000011', 'ABC1A11', 4, 1, '2026-07-12', '18:00:00', 3),
(33, '00000000011', 'ABC1A11', 1, 5, '2026-07-13', '06:30:00', 2),
(34, '00000000012', 'ABC1A12', 1, 4, '2026-07-13', '07:00:00', 4),
(35, '00000000012', 'ABC1A12', 4, 1, '2026-07-13', '19:00:00', 4),
(36, '00000000013', 'ABC1A13', 2, 5, '2026-07-15', '07:30:00', 3),
(1, '00000000131', 'OXX1041', 1, 6, '2026-06-20', '08:00:00', 4), 
(2, '00000000132', 'OXX1042', 2, 7, '2026-06-20', '09:00:00', 4), 
(3, '00000000133', 'OXX1043', 3, 8, '2026-06-21', '10:00:00', 4), 
(4, '00000000134', 'OXX1044', 4, 9, '2026-06-21', '11:00:00', 4), 
(5, '00000000135', 'OXX1045', 5, 10, '2026-06-22', '12:00:00', 4), 
(6, '00000000136', 'OXX1046', 6, 11, '2026-06-22', '13:00:00', 4), 
(7, '00000000137', 'OXX1047', 7, 12, '2026-06-23', '14:00:00', 4), 
(8, '00000000138', 'OXX1048', 8, 13, '2026-06-23', '15:00:00', 4), 
(9, '00000000139', 'OXX1049', 9, 14, '2026-06-24', '16:00:00', 4), 
(10, '00000000140', 'OXX1050', 10, 15, '2026-06-24', '17:00:00', 4), 
(11, '00000000141', 'OXX1051', 11, 16, '2026-06-25', '18:00:00', 4), 
(12, '00000000142', 'OXX1052', 12, 17, '2026-06-25', '19:00:00', 4), 
(13, '00000000143', 'OXX1053', 13, 18, '2026-06-26', '20:00:00', 4), 
(14, '00000000144', 'OXX1054', 14, 19, '2026-06-26', '21:00:00', 4), 
(15, '00000000145', 'OXX1055', 15, 20, '2026-06-27', '22:00:00', 4), 
(16, '00000000146', 'OXX1056', 16, 21, '2026-06-27', '06:00:00', 4), 
(17, '00000000147', 'OXX1057', 17, 22, '2026-06-28', '07:00:00', 4), 
(18, '00000000148', 'OXX1058', 18, 23, '2026-06-28', '08:00:00', 4), 
(19, '00000000149', 'OXX1059', 19, 24, '2026-06-29', '09:00:00', 4), 
(20, '00000000150', 'OXX1060', 20, 25, '2026-06-29', '10:00:00', 4), 
(21, '00000000151', 'OXX1061', 21, 26, '2026-06-30', '11:00:00', 4), 
(22, '00000000152', 'OXX1062', 22, 27, '2026-06-30', '12:00:00', 1), 
(23, '00000000153', 'OXX1063', 23, 28, '2026-07-01', '13:00:00', 1), 
(24, '00000000154', 'OXX1064', 24, 29, '2026-07-01', '14:00:00', 4), 
(25, '00000000115', 'OXX1025', 25, 30, '2026-07-02', '15:00:00', 4),
(26, '00000000156', 'OXX1066', 26, 31, '2026-07-02', '16:00:00', 4), 
(27, '00000000157', 'OXX1067', 27, 32, '2026-07-03', '17:00:00', 4), 
(28, '00000000158', 'OXX1068', 28, 33, '2026-07-03', '18:00:00', 4), 
(29, '00000000159', 'OXX1069', 29, 34, '2026-07-04', '19:00:00', 4), 
(30, '00000000160', 'OXX1070', 30, 35, '2026-07-04', '20:00:00', 4), 
(37, '00000000161', 'OXX1071', 31, 36, '2026-07-05', '21:00:00', 4),
(38, '00000000162', 'OXX1072', 32, 37, '2026-07-05', '22:00:00', 4),
(39, '00000000163', 'OXX1073', 33, 38, '2026-07-06', '06:00:00', 4),
(40, '00000000164', 'OXX1074', 34, 39, '2026-07-06', '07:00:00', 4),
(41, '00000000165', 'OXX1075', 35, 40, '2026-07-07', '08:00:00', 4),
(42, '00000000166', 'OXX1076', 36, 41, '2026-07-07', '09:00:00', 4),
(43, '00000000167', 'OXX1077', 37, 42, '2026-07-08', '10:00:00', 4),
(44, '00000000168', 'OXX1078', 38, 43, '2026-07-08', '11:00:00', 4),
(45, '00000000217', 'OXX1125', 25, 30, '2026-08-01', '07:00:00', 4),
(46, '00000000170', 'OXX1080', 40, 45, '2026-07-09', '13:00:00', 4),
(47, '00000000171', 'OXX1081', 41, 46, '2026-07-10', '14:00:00', 4),
(48, '00000000172', 'OXX1082', 42, 47, '2026-07-10', '15:00:00', 4),
(49, '00000000173', 'OXX1083', 43, 48, '2026-07-11', '16:00:00', 4),
(50, '00000000174', 'OXX1084', 44, 49, '2026-07-11', '17:00:00', 4),
(51, '00000000175', 'OXX1085', 45, 50, '2026-07-12', '18:00:00', 4),
(52, '00000000176', 'OXX1086', 46, 51, '2026-07-12', '19:00:00', 4),
(53, '00000000177', 'OXX1087', 47, 52, '2026-07-13', '20:00:00', 4),
(54, '00000000178', 'OXX1088', 48, 53, '2026-07-13', '21:00:00', 4),
(55, '00000000179', 'OXX1089', 49, 54, '2026-07-14', '22:00:00', 4),
(56, '00000000180', 'OXX1090', 50, 55, '2026-07-14', '06:00:00', 4),
(57, '00000000181', 'OXX1091', 51, 56, '2026-07-15', '07:00:00', 4),
(58, '00000000182', 'OXX1092', 52, 57, '2026-07-15', '08:00:00', 4),
(59, '00000000183', 'OXX1093', 53, 58, '2026-07-16', '09:00:00', 4),
(60, '00000000184', 'OXX1094', 54, 59, '2026-07-16', '10:00:00', 4),
(61, '00000000185', 'OXX1095', 55, 60, '2026-07-17', '11:00:00', 4),
(62, '00000000186', 'OXX1096', 56, 61, '2026-07-17', '12:00:00', 4),
(63, '00000000187', 'OXX1097', 57, 62, '2026-07-18', '13:00:00', 4),
(64, '00000000188', 'OXX1098', 58, 63, '2026-07-18', '14:00:00', 4),
(65, '00000000189', 'OXX1099', 59, 64, '2026-07-19', '15:00:00', 4),
(66, '00000000190', 'OXX1100', 60, 65, '2026-07-19', '16:00:00', 4),
(67, '00000000191', 'OXX1101', 61, 66, '2026-07-20', '17:00:00', 4),
(68, '00000000192', 'OXX1102', 62, 67, '2026-07-20', '18:00:00', 4),
(69, '00000000193', 'OXX1103', 63, 68, '2026-07-21', '19:00:00', 4),
(70, '00000000194', 'OXX1104', 64, 69, '2026-07-21', '20:00:00', 4),
(71, '00000000195', 'OXX1105', 65, 70, '2026-07-22', '21:00:00', 4),
(72, '00000000196', 'OXX1106', 66, 71, '2026-07-22', '22:00:00', 4),
(73, '00000000197', 'OXX1107', 67, 72, '2026-07-23', '06:00:00', 4),
(74, '00000000198', 'OXX1108', 68, 73, '2026-07-23', '07:00:00', 4),
(75, '00000000199', 'OXX1109', 69, 74, '2026-07-24', '08:00:00', 4),
(76, '00000000200', 'OXX1110', 5, 10, '2026-07-24', '09:00:00', 4),
(77, '00000000201', 'OXX1111', 11, 16, '2026-07-25', '10:00:00', 4),
(78, '00000000202', 'OXX1112', 12, 17, '2026-07-25', '11:00:00', 4),
(79, '00000000203', 'OXX1113', 13, 18, '2026-07-26', '12:00:00', 4),
(80, '00000000204', 'OXX1114', 14, 19, '2026-07-26', '13:00:00', 4),
(81, '00000000205', 'OXX1115', 15, 20, '2026-07-27', '14:00:00', 4),
(82, '00000000206', 'OXX1116', 16, 21, '2026-07-27', '15:00:00', 4),
(83, '00000000207', 'OXX1117', 17, 22, '2026-07-28', '16:00:00', 4),
(84, '00000000208', 'OXX1118', 18, 23, '2026-07-28', '17:00:00', 4),
(85, '00000000209', 'OXX1119', 19, 24, '2026-07-29', '18:00:00', 4),
(86, '00000000210', 'OXX1120', 20, 25, '2026-07-29', '19:00:00', 4),
(87, '00000000211', 'OXX1121', 21, 26, '2026-07-30', '20:00:00', 4),
(88, '00000000212', 'OXX1122', 22, 27, '2026-07-30', '21:00:00', 4),
(89, '00000000213', 'OXX1123', 23, 28, '2026-07-31', '22:00:00', 4),
(90, '00000000215', 'OXX1124', 24, 29, '2026-07-31', '06:00:00', 4),
(91, '00000000217', 'OXX1125', 25, 30, '2026-08-01', '07:00:00', 4),
(92, '00000000101', 'OXX1011', 26, 31, '2026-08-01', '08:00:00', 4),
(93, '00000000102', 'OXX1012', 27, 32, '2026-08-02', '09:00:00', 4),
(94, '00000000103', 'OXX1013', 28, 33, '2026-08-02', '10:00:00', 4),
(95, '00000000104', 'OXX1014', 29, 34, '2026-08-03', '11:00:00', 4),
(96, '00000000105', 'OXX1015', 30, 35, '2026-08-03', '12:00:00', 4),
(97, '00000000106', 'OXX1016', 31, 36, '2026-08-04', '13:00:00', 4),
(98, '00000000107', 'OXX1017', 32, 37, '2026-08-04', '14:00:00', 4),
(99, '00000000108', 'OXX1018', 33, 38, '2026-08-05', '15:00:00', 4),
(100, '00000000109', 'OXX1019', 34, 39, '2026-08-05', '16:00:00', 4),
(101, '00000000110', 'OXX1020', 35, 40, '2026-08-06', '17:00:00', 4),
(102, '00000000111', 'OXX1021', 36, 41, '2026-08-06', '18:00:00', 4),
(103, '00000000112', 'OXX1022', 37, 42, '2026-08-07', '19:00:00', 4),
(104, '00000000113', 'OXX1023', 38, 43, '2026-08-07', '20:00:00', 4),
(105, '00000000114', 'OXX1024', 39, 44, '2026-08-08', '21:00:00', 4),
(106, '00000000115', 'OXX1025', 40, 45, '2026-08-08', '22:00:00', 4),
(107, '00000000116', 'OXX1026', 41, 46, '2026-08-09', '06:00:00', 4),
(108, '00000000117', 'OXX1027', 42, 47, '2026-08-09', '07:00:00', 4),
(109, '00000000118', 'OXX1028', 43, 48, '2026-08-10', '08:00:00', 4),
(110, '00000000119', 'OXX1029', 44, 49, '2026-08-10', '09:00:00', 4),
(111, '00000000120', 'OXX1030', 45, 50, '2026-08-11', '10:00:00', 4),
(112, '00000000121', 'OXX1031', 46, 51, '2026-08-11', '11:00:00', 4),
(113, '00000000122', 'OXX1032', 47, 52, '2026-08-12', '12:00:00', 4),
(114, '00000000123', 'OXX1033', 48, 53, '2026-08-12', '13:00:00', 4),
(115, '00000000124', 'OXX1034', 49, 54, '2026-08-13', '14:00:00', 4),
(116, '00000000125', 'OXX1035', 50, 55, '2026-08-13', '15:00:00', 4),
(117, '00000000126', 'OXX1036', 51, 56, '2026-08-14', '16:00:00', 4),
(118, '00000000127', 'OXX1037', 52, 57, '2026-08-14', '17:00:00', 4),
(119, '00000000128', 'OXX1038', 53, 58, '2026-08-15', '18:00:00', 4),
(120, '00000000129', 'OXX1039', 54, 59, '2026-08-15', '19:00:00', 4),
(121, '00000000130', 'OXX1040', 1, 2, '2026-08-16', '08:00:00', 4),
(122, '00000000101', 'OXX1011', 3, 4, '2026-08-16', '09:30:00', 4),
(123, '00000000102', 'OXX1012', 5, 6, '2026-08-17', '10:00:00', 4),
(124, '00000000103', 'OXX1013', 7, 8, '2026-08-17', '11:15:00', 4),
(125, '00000000104', 'OXX1014', 9, 10, '2026-08-18', '13:00:00', 4),
(126, '00000000105', 'OXX1015', 11, 12, '2026-08-18', '14:00:00', 4),
(127, '00000000106', 'OXX1016', 13, 14, '2026-08-19', '15:30:00', 4),
(128, '00000000107', 'OXX1017', 15, 16, '2026-08-19', '16:00:00', 4),
(129, '00000000108', 'OXX1018', 17, 18, '2026-08-20', '17:45:00', 4),
(130, '00000000109', 'OXX1019', 19, 20, '2026-08-20', '18:30:00', 4),
(131, '00000000110', 'OXX1020', 21, 22, '2026-08-21', '19:00:00', 4),
(132, '00000000111', 'OXX1021', 23, 24, '2026-08-21', '20:15:00', 4),
(133, '00000000112', 'OXX1022', 25, 26, '2026-08-22', '21:00:00', 4),
(134, '00000000113', 'OXX1023', 27, 28, '2026-08-22', '22:00:00', 4),
(135, '00000000114', 'OXX1024', 29, 30, '2026-08-23', '07:00:00', 4);

-- 6. POPULANDO RESERVAS
INSERT INTO RESERVA (id_reserva, cpf_usuario, id_carona, status, data_reserva) VALUES
(1, '00000000031', 31, 'Confirmada', '2026-05-01'),
(2, '00000000032', 31, 'Pendente', '2026-06-19'), 
(3, '00000000033', 33, 'Confirmada', '2026-05-20'),
(4, '00000000031', 31, 'Cancelada', '2026-05-07'),
(5, '00000000031', 5, 'Confirmada', '2026-06-15'),
(6, '00000000031', 6, 'Confirmada', '2026-06-15'),
(7, '00000000031', 7, 'Confirmada', '2026-06-15'),
(8, '00000000031', 8, 'Confirmada', '2026-06-15'),
(9, '00000000031', 9, 'Confirmada', '2026-06-15'),
(10, '00000000031', 10, 'Confirmada', '2026-06-15'),
(11, '00000000031', 11, 'Confirmada', '2026-06-15'),
(12, '00000000031', 12, 'Confirmada', '2026-06-15'),
(13, '00000000031', 13, 'Confirmada', '2026-06-15'),
(14, '00000000031', 14, 'Confirmada', '2026-06-15'),
(15, '00000000031', 15, 'Confirmada', '2026-06-15'),
(16, '00000000031', 16, 'Confirmada', '2026-06-15'),
(17, '00000000031', 17, 'Confirmada', '2026-06-15'),
(18, '00000000031', 18, 'Confirmada', '2026-06-15'),
(19, '00000000031', 19, 'Confirmada', '2026-06-15'),
(20, '00000000031', 20, 'Confirmada', '2026-06-15'),
(21, '00000000031', 21, 'Confirmada', '2026-06-15'),
(22, '00000000031', 22, 'Confirmada', '2026-06-15'),
(23, '00000000031', 23, 'Confirmada', '2026-06-15'),
(24, '00000000031', 24, 'Confirmada', '2026-06-15'),
(25, '00000000031', 25, 'Confirmada', '2026-06-15'),
(26, '00000000031', 26, 'Confirmada', '2026-06-15'),
(27, '00000000031', 27, 'Confirmada', '2026-06-15'),
(28, '00000000031', 28, 'Confirmada', '2026-06-15'),
(29, '00000000031', 29, 'Confirmada', '2026-06-15'),
(30, '00000000031', 30, 'Confirmada', '2026-06-15'),
(31, '00000000161', 31, 'Confirmada', '2026-06-15'),
(32, '00000000162', 31, 'Confirmada', '2026-06-15'),
(33, '00000000163', 33, 'Confirmada', '2026-06-15'),
(34, '00000000164', 31, 'Confirmada', '2026-06-15'),
(35, '00000000165', 31, 'Confirmada', '2026-06-15'),
(36, '00000000031', 31, 'Confirmada', '2026-06-15'),
(37, '00000000031', 37, 'Confirmada', '2026-06-15'),
(38, '00000000031', 38, 'Confirmada', '2026-06-15'),
(39, '00000000031', 39, 'Confirmada', '2026-06-15'),
(40, '00000000031', 40, 'Confirmada', '2026-06-15'),
(41, '00000000031', 41, 'Confirmada', '2026-06-15'),
(42, '00000000031', 42, 'Confirmada', '2026-06-15'),
(43, '00000000031', 43, 'Confirmada', '2026-06-15'),
(44, '00000000031', 44, 'Confirmada', '2026-06-15'),
(45, '00000000031', 45, 'Confirmada', '2026-06-15'),
(46, '00000000031', 46, 'Confirmada', '2026-06-15'),
(47, '00000000031', 47, 'Confirmada', '2026-06-15'),
(48, '00000000031', 48, 'Confirmada', '2026-06-15'),
(49, '00000000031', 49, 'Confirmada', '2026-06-15'),
(50, '00000000031', 50, 'Confirmada', '2026-06-15'),
(51, '00000000031', 51, 'Confirmada', '2026-06-15'),
(52, '00000000031', 52, 'Confirmada', '2026-06-15'),
(53, '00000000031', 53, 'Confirmada', '2026-06-15'),
(54, '00000000031', 54, 'Confirmada', '2026-06-15'),
(55, '00000000031', 55, 'Confirmada', '2026-06-15'),
(56, '00000000031', 56, 'Confirmada', '2026-06-15'),
(57, '00000000031', 57, 'Confirmada', '2026-06-15'),
(58, '00000000031', 58, 'Confirmada', '2026-06-15'),
(59, '00000000031', 59, 'Confirmada', '2026-06-15'),
(60, '00000000031', 60, 'Confirmada', '2026-06-15'),
(61, '00000000031', 61, 'Confirmada', '2026-06-15'),
(62, '00000000031', 62, 'Confirmada', '2026-06-15'),
(63, '00000000031', 63, 'Confirmada', '2026-06-15'),
(64, '00000000031', 64, 'Confirmada', '2026-06-15'),
(65, '00000000031', 65, 'Confirmada', '2026-06-15'),
(66, '00000000032', 66, 'Pendente', '2026-06-19'),
(67, '00000000032', 67, 'Pendente', '2026-06-19'),
(68, '00000000032', 68, 'Pendente', '2026-06-19'),
(69, '00000000032', 69, 'Pendente', '2026-06-19'),
(70, '00000000032', 70, 'Pendente', '2026-06-19'),
(71, '00000000032', 71, 'Pendente', '2026-06-19'),
(72, '00000000032', 72, 'Pendente', '2026-06-19'),
(73, '00000000032', 73, 'Pendente', '2026-06-19'),
(74, '00000000032', 74, 'Pendente', '2026-06-19'),
(75, '00000000032', 75, 'Pendente', '2026-06-19'),
(76, '00000000032', 76, 'Pendente', '2026-06-19'),
(77, '00000000032', 77, 'Pendente', '2026-06-19'),
(78, '00000000032', 78, 'Pendente', '2026-06-19'),
(79, '00000000032', 79, 'Pendente', '2026-06-19'),
(80, '00000000032', 80, 'Pendente', '2026-06-19'),
(81, '00000000032', 81, 'Pendente', '2026-06-19'),
(82, '00000000032', 82, 'Pendente', '2026-06-19'),
(83, '00000000032', 83, 'Pendente', '2026-06-19'),
(84, '00000000032', 84, 'Pendente', '2026-06-19'),
(85, '00000000032', 85, 'Pendente', '2026-06-19'),
(86, '00000000032', 86, 'Pendente', '2026-06-19'),
(87, '00000000032', 87, 'Pendente', '2026-06-19'),
(88, '00000000032', 88, 'Pendente', '2026-06-19'),
(89, '00000000032', 89, 'Pendente', '2026-06-19'),
(90, '00000000032', 90, 'Pendente', '2026-06-19'),
(91, '00000000032', 91, 'Pendente', '2026-06-19'),
(92, '00000000032', 92, 'Pendente', '2026-06-19'),
(93, '00000000032', 93, 'Pendente', '2026-06-19'),
(94, '00000000032', 94, 'Pendente', '2026-06-19'),
(95, '00000000032', 95, 'Pendente', '2026-06-19'),
(96, '00000000031', 96, 'Cancelada', '2026-05-07'),
(97, '00000000031', 97, 'Cancelada', '2026-05-07'),
(98, '00000000031', 98, 'Cancelada', '2026-05-07'),
(99, '00000000031', 99, 'Confirmada', '2026-06-16'),
(100, '00000000031', 100, 'Confirmada', '2026-06-16'),
(101, '00000000031', 101, 'Confirmada', '2026-06-16'),
(102, '00000000031', 102, 'Confirmada', '2026-06-16'),
(103, '00000000031', 103, 'Confirmada', '2026-06-16'),
(104, '00000000031', 104, 'Confirmada', '2026-06-16'),
(105, '00000000031', 105, 'Confirmada', '2026-06-16'),
(106, '00000000031', 106, 'Confirmada', '2026-06-16'),
(107, '00000000031', 107, 'Confirmada', '2026-06-16'),
(108, '00000000031', 108, 'Confirmada', '2026-06-16'),
(109, '00000000031', 109, 'Confirmada', '2026-06-16'),
(110, '00000000031', 110, 'Confirmada', '2026-06-16'),
(111, '00000000031', 111, 'Confirmada', '2026-06-16'),
(112, '00000000031', 112, 'Confirmada', '2026-06-16'),
(113, '00000000031', 113, 'Confirmada', '2026-06-16'),
(114, '00000000031', 114, 'Confirmada', '2026-06-16'),
(115, '00000000031', 115, 'Confirmada', '2026-06-16'),
(116, '00000000031', 116, 'Confirmada', '2026-06-16'),
(117, '00000000031', 117, 'Confirmada', '2026-06-16'),
(118, '00000000031', 118, 'Confirmada', '2026-06-16'),
(119, '00000000031', 119, 'Confirmada', '2026-06-16'),
(120, '00000000031', 120, 'Confirmada', '2026-06-16');


-- 7. POPULANDO PAGAMENTOS
INSERT INTO PAGAMENTO (id_pagamento, id_reserva, valor, status, forma_pagamento, data_pagamento) VALUES
(1, 1, 15.50, 'Aprovado', 'PIX', '2026-05-01'),
(2, 2, 20.00, 'Pendente', 'PIX', NULL), 
(3, 3, 12.00, 'Aprovado', 'Cartão', '2026-05-20'),
(4, 4, 18.50, 'Cancelado', 'PIX', NULL),
(5, 5, 10.00, 'Aprovado', 'PIX', '2026-06-16'),
(6, 6, 12.50, 'Aprovado', 'PIX', '2026-06-16'),
(7, 7, 15.00, 'Aprovado', 'PIX', '2026-06-16'),
(8, 8, 10.00, 'Aprovado', 'PIX', '2026-06-16'),
(9, 9, 10.00, 'Aprovado', 'PIX', '2026-06-16'),
(10, 10, 18.00, 'Aprovado', 'PIX', '2026-06-16'),
(11, 11, 10.00, 'Aprovado', 'PIX', '2026-06-16'),
(12, 12, 10.00, 'Aprovado', 'PIX', '2026-06-16'),
(13, 13, 10.00, 'Aprovado', 'PIX', '2026-06-16'),
(14, 14, 10.00, 'Aprovado', 'PIX', '2026-06-16'),
(15, 15, 10.00, 'Aprovado', 'PIX', '2026-06-16'),
(16, 16, 10.00, 'Aprovado', 'PIX', '2026-06-16'),
(17, 17, 10.00, 'Aprovado', 'PIX', '2026-06-16'),
(18, 18, 10.00, 'Aprovado', 'PIX', '2026-06-16'),
(19, 19, 10.00, 'Aprovado', 'PIX', '2026-06-16'),
(20, 20, 10.00, 'Aprovado', 'PIX', '2026-06-16'),
(21, 21, 10.00, 'Aprovado', 'PIX', '2026-06-16'),
(22, 22, 10.00, 'Aprovado', 'PIX', '2026-06-16'),
(23, 23, 10.00, 'Aprovado', 'PIX', '2026-06-16'),
(24, 24, 10.00, 'Aprovado', 'PIX', '2026-06-16'),
(25, 25, 10.00, 'Aprovado', 'PIX', '2026-06-16'),
(26, 26, 10.00, 'Aprovado', 'PIX', '2026-06-16'),
(27, 27, 10.00, 'Aprovado', 'PIX', '2026-06-16'),
(28, 28, 10.00, 'Aprovado', 'PIX', '2026-06-16'),
(29, 29, 10.00, 'Aprovado', 'PIX', '2026-06-16'),
(30, 30, 10.00, 'Aprovado', 'PIX', '2026-06-16'),
(31, 31, 10.00, 'Aprovado', 'PIX', '2026-06-16'),
(32, 32, 10.00, 'Aprovado', 'PIX', '2026-06-16'),
(33, 33, 10.00, 'Aprovado', 'PIX', '2026-06-16'),
(34, 34, 10.00, 'Aprovado', 'PIX', '2026-06-16'),
(35, 35, 10.00, 'Aprovado', 'PIX', '2026-06-16'),
(36, 36, 12.00, 'Aprovado', 'Cartão', '2026-06-16'),
(37, 37, 15.50, 'Aprovado', 'Cartão', '2026-06-16'),
(38, 38, 14.00, 'Aprovado', 'Cartão', '2026-06-16'),
(39, 39, 12.00, 'Aprovado', 'Cartão', '2026-06-16'),
(40, 40, 12.00, 'Aprovado', 'Cartão', '2026-06-16'),
(41, 41, 12.00, 'Aprovado', 'Cartão', '2026-06-16'),
(42, 42, 12.00, 'Aprovado', 'Cartão', '2026-06-16'),
(43, 43, 12.00, 'Aprovado', 'Cartão', '2026-06-16'),
(44, 44, 12.00, 'Aprovado', 'Cartão', '2026-06-16'),
(45, 45, 12.00, 'Aprovado', 'Cartão', '2026-06-16'),
(46, 46, 12.00, 'Aprovado', 'Cartão', '2026-06-16'),
(47, 47, 12.00, 'Aprovado', 'Cartão', '2026-06-16'),
(48, 48, 12.00, 'Aprovado', 'Cartão', '2026-06-16'),
(49, 49, 12.00, 'Aprovado', 'Cartão', '2026-06-16'),
(50, 50, 12.00, 'Aprovado', 'Cartão', '2026-06-16'),
(51, 51, 12.00, 'Aprovado', 'Cartão', '2026-06-16'),
(52, 52, 12.00, 'Aprovado', 'Cartão', '2026-06-16'),
(53, 53, 12.00, 'Aprovado', 'Cartão', '2026-06-16'),
(54, 54, 12.00, 'Aprovado', 'Cartão', '2026-06-16'),
(55, 55, 12.00, 'Aprovado', 'Cartão', '2026-06-16'),
(56, 56, 12.00, 'Aprovado', 'Cartão', '2026-06-16'),
(57, 57, 12.00, 'Aprovado', 'Cartão', '2026-06-16'),
(58, 58, 12.00, 'Aprovado', 'Cartão', '2026-06-16'),
(59, 59, 12.00, 'Aprovado', 'Cartão', '2026-06-16'),
(60, 60, 12.00, 'Aprovado', 'Cartão', '2026-06-16'),
(61, 61, 12.00, 'Aprovado', 'Cartão', '2026-06-16'),
(62, 62, 12.00, 'Aprovado', 'Cartão', '2026-06-16'),
(63, 63, 12.00, 'Aprovado', 'Cartão', '2026-06-16'),
(64, 64, 12.00, 'Aprovado', 'Cartão', '2026-06-16'),
(65, 65, 12.00, 'Aprovado', 'Cartão', '2026-06-16'),
(66, 66, 20.00, 'Pendente', 'Dinheiro', NULL),
(67, 67, 10.00, 'Pendente', 'Dinheiro', NULL),
(68, 68, 15.00, 'Pendente', 'Dinheiro', NULL),
(69, 69, 20.00, 'Pendente', 'Dinheiro', NULL),
(70, 70, 20.00, 'Pendente', 'Dinheiro', NULL),
(71, 71, 20.00, 'Pendente', 'Dinheiro', NULL),
(72, 72, 20.00, 'Pendente', 'Dinheiro', NULL),
(73, 73, 20.00, 'Pendente', 'Dinheiro', NULL),
(74, 74, 20.00, 'Pendente', 'Dinheiro', NULL),
(75, 75, 20.00, 'Pendente', 'Dinheiro', NULL),
(76, 76, 20.00, 'Pendente', 'Dinheiro', NULL),
(77, 77, 20.00, 'Pendente', 'Dinheiro', NULL),
(78, 78, 20.00, 'Pendente', 'Dinheiro', NULL),
(79, 79, 20.00, 'Pendente', 'Dinheiro', NULL),
(80, 80, 20.00, 'Pendente', 'Dinheiro', NULL),
(81, 81, 20.00, 'Pendente', 'Dinheiro', NULL),
(82, 82, 20.00, 'Pendente', 'Dinheiro', NULL),
(83, 83, 20.00, 'Pendente', 'Dinheiro', NULL),
(84, 84, 20.00, 'Pendente', 'Dinheiro', NULL),
(85, 85, 20.00, 'Pendente', 'Dinheiro', NULL),
(86, 86, 20.00, 'Pendente', 'Dinheiro', NULL),
(87, 87, 20.00, 'Pendente', 'Dinheiro', NULL),
(88, 88, 20.00, 'Pendente', 'Dinheiro', NULL),
(89, 89, 20.00, 'Pendente', 'Dinheiro', NULL),
(90, 90, 20.00, 'Pendente', 'Dinheiro', NULL),
(91, 91, 20.00, 'Pendente', 'Dinheiro', NULL),
(92, 92, 20.00, 'Pendente', 'Dinheiro', NULL),
(93, 93, 20.00, 'Pendente', 'Dinheiro', NULL),
(94, 94, 20.00, 'Pendente', 'Dinheiro', NULL),
(95, 95, 20.00, 'Pendente', 'Dinheiro', NULL),
(96, 96, 18.50, 'Cancelado', 'PIX', NULL),
(97, 97, 10.00, 'Cancelado', 'PIX', NULL),
(98, 98, 15.00, 'Cancelado', 'Cartão', NULL),
(99, 99, 10.00, 'Aprovado', 'PIX', '2026-06-16'),
(100, 100, 10.00, 'Aprovado', 'PIX', '2026-06-16'),
(101, 101, 10.00, 'Aprovado', 'PIX', '2026-06-16'),
(102, 102, 10.00, 'Aprovado', 'PIX', '2026-06-16'),
(103, 103, 10.00, 'Aprovado', 'PIX', '2026-06-16'),
(104, 104, 10.00, 'Aprovado', 'PIX', '2026-06-16'),
(105, 105, 10.00, 'Aprovado', 'PIX', '2026-06-16'),
(106, 106, 10.00, 'Aprovado', 'PIX', '2026-06-16'),
(107, 107, 10.00, 'Aprovado', 'PIX', '2026-06-16'),
(108, 108, 10.00, 'Aprovado', 'PIX', '2026-06-16'),
(109, 109, 10.00, 'Aprovado', 'PIX', '2026-06-16'),
(110, 110, 10.00, 'Aprovado', 'PIX', '2026-06-16'),
(111, 111, 10.00, 'Aprovado', 'PIX', '2026-06-16'),
(112, 112, 10.00, 'Aprovado', 'PIX', '2026-06-16'),
(113, 113, 10.00, 'Aprovado', 'PIX', '2026-06-16'),
(114, 114, 10.00, 'Aprovado', 'PIX', '2026-06-16'),
(115, 115, 10.00, 'Aprovado', 'PIX', '2026-06-16'),
(116, 116, 10.00, 'Aprovado', 'PIX', '2026-06-16'),
(117, 117, 10.00, 'Aprovado', 'PIX', '2026-06-16'),
(118, 118, 10.00, 'Aprovado', 'PIX', '2026-06-16'),
(119, 119, 10.00, 'Aprovado', 'PIX', '2026-06-16'),
(120, 120, 10.00, 'Aprovado', 'PIX', '2026-06-16');

-- 8. POPULANDO MENSAGENS
INSERT INTO MENSAGEM (id_mensagem, cpf_remetente, cpf_destinatario, conteudo, data_envio) VALUES
(1, '00000000011', '00000000031', 'Bom dia! Onde é o ponto de encontro?', '2026-06-01'),
(2, '00000000031', '00000000011', 'Bom dia! Em frente à biblioteca da UFC.', '2026-06-05'),
(3, '00000000012', '00000000032', 'Pode passar no Centro antes?', '2026-06-20'),
(4, '00000000032', '00000000012', 'Infelizmente meu trajeto é direto, não consigo.', '2026-06-16'),
(5, '00000000011', '00000000031', 'Estou saindo de casa agora.', '2026-06-16'),
(6, '00000000031', '00000000011', 'Beleza, também estou a caminho.', '2026-06-16'),
(7, '00000000011', '00000000031', 'Cheguei no ponto combinado.', '2026-06-16'),
(8, '00000000031', '00000000011', 'Estou te vendo, estou chegando perto.', '2026-06-16'),
(9, '00000000011', '00000000031', 'Combinado para amanhã no mesmo horário?', '2026-06-16'),
(10, '00000000031', '00000000011', 'Sim, mesmo horário e local.', '2026-06-16'),
(11, '00000000011', '00000000031', 'Aviso de confirmação de presença no ponto.', '2026-06-16'),
(12, '00000000011', '00000000031', 'Aviso de confirmação de presença no ponto.', '2026-06-16'),
(13, '00000000011', '00000000031', 'Aviso de confirmação de presença no ponto.', '2026-06-16'),
(14, '00000000011', '00000000031', 'Aviso de confirmação de presença no ponto.', '2026-06-16'),
(15, '00000000011', '00000000031', 'Aviso de confirmação de presença no ponto.', '2026-06-17'),
(16, '00000000011', '00000000031', 'Aviso de confirmação de presença no ponto.', '2026-06-17'),
(17, '00000000011', '00000000031', 'Aviso de confirmação de presença no ponto.', '2026-06-17'),
(18, '00000000011', '00000000031', 'Aviso de confirmação de presença no ponto.', '2026-06-17'),
(19, '00000000011', '00000000031', 'Aviso de confirmação de presença no ponto.', '2026-06-17'),
(20, '00000000011', '00000000031', 'Aviso de confirmação de presença no ponto.', '2026-06-17'),
(21, '00000000011', '00000000031', 'Aviso de confirmação de presença no ponto.', '2026-06-17'),
(22, '00000000011', '00000000031', 'Aviso de confirmação de presença no ponto.', '2026-06-17'),
(23, '00000000011', '00000000031', 'Aviso de confirmação de presença no ponto.', '2026-06-17'),
(24, '00000000011', '00000000031', 'Aviso de confirmação de presença no ponto.', '2026-06-17'),
(25, '00000000011', '00000000031', 'Aviso de confirmação de presença no ponto.', '2026-06-18'),
(26, '00000000011', '00000000031', 'Aviso de confirmação de presença no ponto.', '2026-06-18'),
(27, '00000000011', '00000000031', 'Aviso de confirmação de presença no ponto.', '2026-06-18'),
(28, '00000000011', '00000000031', 'Aviso de confirmação de presença no ponto.', '2026-06-18'),
(29, '00000000011', '00000000031', 'Aviso de confirmação de presença no ponto.', '2026-06-18'),
(30, '00000000011', '00000000031', 'Aviso de confirmação de presença no ponto.', '2026-06-18'),
(31, '00000000011', '00000000031', 'Aviso de confirmação de presença no ponto.', '2026-06-18'),
(32, '00000000011', '00000000031', 'Aviso de confirmação de presença no ponto.', '2026-06-18'),
(33, '00000000011', '00000000031', 'Aviso de confirmação de presença no ponto.', '2026-06-18'),
(34, '00000000011', '00000000031', 'Aviso de confirmação de presença no ponto.', '2026-06-18'),
(35, '00000000011', '00000000031', 'Aviso de confirmação de presença no ponto.', '2026-06-19'),
(36, '00000000031', '00000000011', 'Já estou descendo para o bloco.', '2026-06-16'),
(37, '00000000031', '00000000011', 'Pode deixar que eu espero.', '2026-06-16'),
(38, '00000000031', '00000000011', 'Valeu pela carona de hoje!', '2026-06-16'),
(39, '00000000031', '00000000011', 'De nada, até a próxima.', '2026-06-16'),
(40, '00000000031', '00000000011', 'Mensagem automática do sistema.', '2026-06-16'),
(41, '00000000031', '00000000011', 'Mensagem de teste de envio rápido.', '2026-06-17'),
(42, '00000000031', '00000000011', 'Mensagem de teste de envio rápido.', '2026-06-17'),
(43, '00000000031', '00000000011', 'Mensagem de teste de envio rápido.', '2026-06-17'),
(44, '00000000031', '00000000011', 'Mensagem de teste de envio rápido.', '2026-06-17'),
(45, '00000000031', '00000000011', 'Mensagem de teste de envio rápido.', '2026-06-17'),
(46, '00000000031', '00000000011', 'Mensagem de teste de envio rápido.', '2026-06-17'),
(47, '00000000031', '00000000011', 'Mensagem de teste de envio rápido.', '2026-06-17'),
(48, '00000000031', '00000000011', 'Mensagem de teste de envio rápido.', '2026-06-17'),
(49, '00000000031', '00000000011', 'Mensagem de teste de envio rápido.', '2026-06-17'),
(50, '00000000031', '00000000011', 'Mensagem de teste de envio rápido.', '2026-06-17'),
(51, '00000000031', '00000000011', 'Mensagem de teste de envio rápido.', '2026-06-18'),
(52, '00000000031', '00000000011', 'Mensagem de teste de envio rápido.', '2026-06-18'),
(53, '00000000031', '00000000011', 'Mensagem de teste de envio rápido.', '2026-06-18'),
(54, '00000000031', '00000000011', 'Mensagem de teste de envio rápido.', '2026-06-18'),
(55, '00000000031', '00000000011', 'Mensagem de teste de envio rápido.', '2026-06-18'),
(56, '00000000031', '00000000011', 'Mensagem de teste de envio rápido.', '2026-06-18'),
(57, '00000000031', '00000000011', 'Mensagem de teste de envio rápido.', '2026-06-18'),
(58, '00000000031', '00000000011', 'Mensagem de teste de envio rápido.', '2026-06-18'),
(59, '00000000031', '00000000011', 'Mensagem de teste de envio rápido.', '2026-06-18'),
(60, '00000000031', '00000000011', 'Mensagem de teste de envio rápido.', '2026-06-18'),
(61, '00000000031', '00000000011', 'Mensagem de teste de envio rápido.', '2026-06-19'),
(62, '00000000031', '00000000011', 'Mensagem de teste de envio rápido.', '2026-06-19'),
(63, '00000000031', '00000000011', 'Mensagem de teste de envio rápido.', '2026-06-19'),
(64, '00000000031', '00000000011', 'Mensagem de teste de envio rápido.', '2026-06-19'),
(65, '00000000031', '00000000011', 'Mensagem de teste de envio rápido.', '2026-06-19'),
(66, '00000000012', '00000000032', 'Oi! Você consegue me buscar hoje?', '2026-06-16'),
(67, '00000000012', '00000000032', 'Estou no bloco da Engenharia.', '2026-06-16'),
(68, '00000000012', '00000000032', 'Me avisa quando estiver perto.', '2026-06-16'),
(69, '00000000012', '00000000032', 'Beleza, fico no aguardo.', '2026-06-16'),
(70, '00000000012', '00000000032', 'Ok, sem problemas.', '2026-06-16'),
(71, '00000000012', '00000000032', 'Atualização sobre a carona agendada.', '2026-06-17'),
(72, '00000000012', '00000000032', 'Atualização sobre a carona agendada.', '2026-06-17'),
(73, '00000000012', '00000000032', 'Atualização sobre a carona agendada.', '2026-06-17'),
(74, '00000000012', '00000000032', 'Atualização sobre a carona agendada.', '2026-06-17'),
(75, '00000000012', '00000000032', 'Atualização sobre a carona agendada.', '2026-06-17'),
(76, '00000000012', '00000000032', 'Atualização sobre a carona agendada.', '2026-06-17'),
(77, '00000000012', '00000000032', 'Atualização sobre a carona agendada.', '2026-06-17'),
(78, '00000000012', '00000000032', 'Atualização sobre a carona agendada.', '2026-06-17'),
(79, '00000000012', '00000000032', 'Atualização sobre a carona agendada.', '2026-06-17'),
(80, '00000000012', '00000000032', 'Atualização sobre a carona agendada.', '2026-06-17'),
(81, '00000000012', '00000000032', 'Atualização sobre a carona agendada.', '2026-06-18'),
(82, '00000000012', '00000000032', 'Atualização sobre a carona agendada.', '2026-06-18'),
(83, '00000000012', '00000000032', 'Atualização sobre a carona agendada.', '2026-06-18'),
(84, '00000000012', '00000000032', 'Atualização sobre a carona agendada.', '2026-06-18'),
(85, '00000000012', '00000000032', 'Atualização sobre a carona agendada.', '2026-06-18'),
(86, '00000000012', '00000000032', 'Atualização sobre a carona agendada.', '2026-06-18'),
(87, '00000000012', '00000000032', 'Atualização sobre a carona agendada.', '2026-06-18'),
(88, '00000000012', '00000000032', 'Atualização sobre a carona agendada.', '2026-06-18'),
(89, '00000000012', '00000000032', 'Atualização sobre a carona agendada.', '2026-06-18'),
(90, '00000000012', '00000000032', 'Atualização sobre a carona agendada.', '2026-06-18'),
(91, '00000000012', '00000000032', 'Atualização sobre a carona agendada.', '2026-06-19'),
(92, '00000000012', '00000000032', 'Atualização sobre a carona agendada.', '2026-06-19'),
(93, '00000000012', '00000000032', 'Atualização sobre a carona agendada.', '2026-06-19'),
(94, '00000000012', '00000000032', 'Atualização sobre a carona agendada.', '2026-06-19'),
(95, '00000000012', '00000000032', 'Atualização sobre a carona agendada.', '2026-06-19'),
(96, '00000000032', '00000000012', 'Consigo sim, chego em 10 minutes.', '2026-06-16'),
(97, '00000000032', '00000000012', 'Estou passando perto da entrada.', '2026-06-16'),
(98, '00000000032', '00000000012', 'Pode ir para a calçada principal.', '2026-06-16'),
(99, '00000000032', '00000000012', 'Cheguei aqui, cadê você?', '2026-06-16'),
(100, '00000000032', '00000000012', 'Ah, acabei de te ver.', '2026-06-16'),
(101, '00000000032', '00000000012', 'Confirmação de recebimento.', '2026-06-17'),
(102, '00000000032', '00000000012', 'Confirmação de recebimento.', '2026-06-17'),
(103, '00000000032', '00000000012', 'Confirmação de recebimento.', '2026-06-17'),
(104, '00000000032', '00000000012', 'Confirmação de recebimento.', '2026-06-17'),
(105, '00000000032', '00000000012', 'Confirmação de recebimento.', '2026-06-17'),
(106, '00000000032', '00000000012', 'Confirmação de recebimento.', '2026-06-17'),
(107, '00000000032', '00000000012', 'Confirmação de recebimento.', '2026-06-17'),
(108, '00000000032', '00000000012', 'Confirmação de recebimento.', '2026-06-17'),
(109, '00000000032', '00000000012', 'Confirmação de recebimento.', '2026-06-17'),
(110, '00000000032', '00000000012', 'Confirmação de recebimento.', '2026-06-17'),
(111, '00000000032', '00000000012', 'Confirmação de recebimento.', '2026-06-18'),
(112, '00000000032', '00000000012', 'Confirmação de recebimento.', '2026-06-18'),
(113, '00000000032', '00000000012', 'Confirmação de recebimento.', '2026-06-18'),
(114, '00000000032', '00000000012', 'Confirmação de recebimento.', '2026-06-18'),
(115, '00000000032', '00000000012', 'Confirmação de recebimento.', '2026-06-18'),
(116, '00000000032', '00000000012', 'Confirmação de recebimento.', '2026-06-19'),
(117, '00000000032', '00000000012', 'Confirmação de recebimento.', '2026-06-19'),
(118, '00000000032', '00000000012', 'Confirmação de recebimento.', '2026-06-19'),
(119, '00000000032', '00000000012', 'Confirmação de recebimento.', '2026-06-19'),
(120, '00000000032', '00000000012', 'Última mensagem enviada e recebida.', '2026-06-19');

-- 9. POPULANDO AVALIACOES
INSERT INTO AVALIACAO (id_avaliacao, cpf_avaliador, cpf_avaliado, nota, comentario, data) VALUES
(1, '00000000031', '00000000011', 5, 'Excelente motorista, muito pontual.', '2026-06-15'),
(2, '00000000011', '00000000031', 5, 'Passageiro tranquilo, estava no local na hora certa.', '2026-06-15'),
(3, '00000000033', '00000000013', 4, 'Boa viagem, mas o ar condicionado estava fraco.', '2026-06-16'),
(4, '00000000013', '00000000033', 5, 'Ótima companhia.', '2026-06-16'),
(5, '00000000031', '00000000011', 5, 'Viagem tranquila e segura pelo campus.', '2026-06-16'),
(6, '00000000031', '00000000011', 5, 'Motorista muito gente boa, recomendo.', '2026-06-16'),
(7, '00000000031', '00000000011', 4, 'Chegou no horário combinado.', '2026-06-16'),
(8, '00000000031', '00000000011', 5, 'Condução excelente até o bloco de aulas.', '2026-06-16'),
(9, '00000000031', '00000000011', 5, 'Tudo perfeito na viagem.', '2026-06-16'),
(10, '00000000031', '00000000011', 5, 'Viagem rápida e segura.', '2026-06-16'),
(11, '00000000031', '00000000011', 5, 'Muito pontual e educado.', '2026-06-16'),
(12, '00000000031', '00000000011', 4, 'Boa carona de volta para casa.', '2026-06-16'),
(13, '00000000031', '00000000011', 5, 'Sem problemas, motorista nota 10.', '2026-06-16'),
(14, '00000000031', '00000000011', 5, 'Carro limpo e conversa agradável.', '2026-06-16'),
(15, '00000000031', '00000000011', 5, 'Viagem tranquila e segura pelo campus.', '2026-06-17'),
(16, '00000000031', '00000000011', 5, 'Viagem tranquila e segura pelo campus.', '2026-06-17'),
(17, '00000000031', '00000000011', 5, 'Viagem tranquila e segura pelo campus.', '2026-06-17'),
(18, '00000000031', '00000000011', 5, 'Viagem tranquila e segura pelo campus.', '2026-06-17'),
(19, '00000000031', '00000000011', 5, 'Viagem tranquila e segura pelo campus.', '2026-06-17'),
(20, '00000000031', '00000000011', 5, 'Viagem tranquila e segura pelo campus.', '2026-06-17'),
(21, '00000000031', '00000000011', 5, 'Viagem tranquila e segura pelo campus.', '2026-06-17'),
(22, '00000000031', '00000000011', 5, 'Viagem tranquila e segura pelo campus.', '2026-06-17'),
(23, '00000000031', '00000000011', 5, 'Viagem tranquila e segura pelo campus.', '2026-06-17'),
(24, '00000000031', '00000000011', 5, 'Viagem tranquila e segura pelo campus.', '2026-06-17'),
(25, '00000000031', '00000000011', 5, 'Viagem tranquila e segura pelo campus.', '2026-06-18'),
(26, '00000000031', '00000000011', 5, 'Viagem tranquila e segura pelo campus.', '2026-06-18'),
(27, '00000000031', '00000000011', 5, 'Viagem tranquila e segura pelo campus.', '2026-06-18'),
(28, '00000000031', '00000000011', 5, 'Viagem tranquila e segura pelo campus.', '2026-06-18'),
(29, '00000000031', '00000000011', 5, 'Viagem tranquila e segura pelo campus.', '2026-06-18'),
(30, '00000000031', '00000000011', 5, 'Viagem tranquila e segura pelo campus.', '2026-06-18'),
(31, '00000000031', '00000000011', 5, 'Viagem tranquila e segura pelo campus.', '2026-06-18'),
(32, '00000000031', '00000000011', 5, 'Viagem tranquila e segura pelo campus.', '2026-06-18'),
(33, '00000000031', '00000000011', 5, 'Viagem tranquila e segura pelo campus.', '2026-06-18'),
(34, '00000000031', '00000000011', 5, 'Viagem tranquila e segura pelo campus.', '2026-06-18'),
(35, '00000000031', '00000000011', 5, 'Viagem tranquila e segura pelo campus.', '2026-06-19'),
(36, '00000000011', '00000000031', 5, 'Passageiro excelente, bem pontual.', '2026-06-16'),
(37, '00000000011', '00000000031', 5, 'Passageiro educado e calmo.', '2026-06-16'),
(38, '00000000011', '00000000031', 5, 'Sem problemas no embarque.', '2026-06-16'),
(39, '00000000011', '00000000031', 5, 'Nota dez para o passageiro.', '2026-06-16'),
(40, '00000000011', '00000000031', 5, 'Super recomendado.', '2026-06-16'),
(41, '00000000011', '00000000031', 5, 'Excelente comunicação antes do embarque.', '2026-06-17'),
(42, '00000000011', '00000000031', 5, 'Parceria boa na carona diária.', '2026-06-17'),
(43, '00000000011', '00000000031', 5, 'Passageiro tranquilo.', '2026-06-17'),
(44, '00000000011', '00000000031', 5, 'Passageiro tranquilo.', '2026-06-17'),
(45, '00000000011', '00000000031', 5, 'Passageiro tranquilo.', '2026-06-17'),
(46, '00000000011', '00000000031', 5, 'Passageiro tranquilo.', '2026-06-17'),
(47, '00000000011', '00000000031', 5, 'Passageiro tranquilo.', '2026-06-17'),
(48, '00000000011', '00000000031', 5, 'Passageiro tranquilo.', '2026-06-17'),
(49, '00000000011', '00000000031', 5, 'Passageiro tranquilo.', '2026-06-17'),
(50, '00000000011', '00000000031', 5, 'Passageiro tranquilo.', '2026-06-17'),
(51, '00000000011', '00000000031', 5, 'Passageiro tranquilo.', '2026-06-18'),
(52, '00000000011', '00000000031', 5, 'Passageiro tranquilo.', '2026-06-18'),
(53, '00000000011', '00000000031', 5, 'Passageiro tranquilo.', '2026-06-18'),
(54, '00000000011', '00000000031', 5, 'Passageiro tranquilo.', '2026-06-18'),
(55, '00000000011', '00000000031', 5, 'Passageiro tranquilo.', '2026-06-18'),
(56, '00000000011', '00000000031', 5, 'Passageiro tranquilo.', '2026-06-18'),
(57, '00000000011', '00000000031', 5, 'Passageiro tranquilo.', '2026-06-18'),
(58, '00000000011', '00000000031', 5, 'Passageiro tranquilo.', '2026-06-18'),
(59, '00000000011', '00000000031', 5, 'Passageiro tranquilo.', '2026-06-18'),
(60, '00000000011', '00000000031', 5, 'Passageiro tranquilo.', '2026-06-18'),
(61, '00000000011', '00000000031', 5, 'Passageiro tranquilo.', '2026-06-19'),
(62, '00000000011', '00000000031', 5, 'Passageiro tranquilo.', '2026-06-19'),
(63, '00000000011', '00000000031', 5, 'Passageiro tranquilo.', '2026-06-19'),
(64, '00000000011', '00000000031', 5, 'Passageiro tranquilo.', '2026-06-19'),
(65, '00000000011', '00000000031', 5, 'Passageiro tranquilo.', '2026-06-19'),
(66, '00000000033', '00000000013', 4, 'Boa viagem no geral.', '2026-06-16'),
(67, '00000000033', '00000000013', 5, 'Motorista dirige muito bem.', '2026-06-16'),
(68, '00000000033', '00000000013', 4, 'Chegamos rápido.', '2026-06-16'),
(69, '00000000033', '00000000013', 5, 'Ótimo trajeto, sem trânsito.', '2026-06-16'),
(70, '00000000033', '00000000013', 4, 'Recomendo a carona.', '2026-06-16'),
(71, '00000000033', '00000000013', 4, 'Boa viagem.', '2026-06-17'),
(72, '00000000033', '00000000013', 4, 'Boa viagem.', '2026-06-17'),
(73, '00000000033', '00000000013', 4, 'Boa viagem.', '2026-06-17'),
(74, '00000000033', '00000000013', 4, 'Boa viagem.', '2026-06-17'),
(75, '00000000033', '00000000013', 4, 'Boa viagem.', '2026-06-17'),
(76, '00000000033', '00000000013', 4, 'Boa viagem.', '2026-06-17'),
(77, '00000000033', '00000000013', 4, 'Boa viagem.', '2026-06-17'),
(78, '00000000033', '00000000013', 4, 'Boa viagem.', '2026-06-17'),
(79, '00000000033', '00000000013', 4, 'Boa viagem.', '2026-06-17'),
(80, '00000000033', '00000000013', 4, 'Boa viagem.', '2026-06-17'),
(81, '00000000033', '00000000013', 4, 'Boa viagem.', '2026-06-18'),
(82, '00000000033', '00000000013', 4, 'Boa viagem.', '2026-06-18'),
(83, '00000000033', '00000000013', 4, 'Boa viagem.', '2026-06-18'),
(84, '00000000033', '00000000013', 4, 'Boa viagem.', '2026-06-18'),
(85, '00000000033', '00000000013', 4, 'Boa viagem.', '2026-06-18'),
(86, '00000000033', '00000000013', 4, 'Boa viagem.', '2026-06-18'),
(87, '00000000033', '00000000013', 4, 'Boa viagem.', '2026-06-18'),
(88, '00000000033', '00000000013', 4, 'Boa viagem.', '2026-06-18'),
(89, '00000000033', '00000000013', 4, 'Boa viagem.', '2026-06-18'),
(90, '00000000033', '00000000013', 4, 'Boa viagem.', '2026-06-18'),
(91, '00000000033', '00000000013', 4, 'Boa viagem.', '2026-06-19'),
(92, '00000000033', '00000000013', 4, 'Boa viagem.', '2026-06-19'),
(93, '00000000033', '00000000013', 4, 'Boa viagem.', '2026-06-19'),
(94, '00000000033', '00000000013', 4, 'Boa viagem.', '2026-06-19'),
(95, '00000000033', '00000000013', 4, 'Boa viagem.', '2026-06-19'),
(96, '00000000013', '00000000033', 5, 'Passageira muito simpática.', '2026-06-16'),
(97, '00000000013', '00000000033', 5, 'Gostei da companhia na viagem.', '2026-06-16'),
(98, '00000000013', '00000000033', 5, 'Conversa muito boa no trajeto.', '2026-06-16'),
(99, '00000000013', '00000000033', 5, 'Pontual no ponto de encontro.', '2026-06-16'),
(100, '00000000013', '00000000033', 5, 'Ótima passageira.', '2026-06-16'),
(101, '00000000013', '00000000033', 5, 'Tudo certo.', '2026-06-17'),
(102, '00000000013', '00000000033', 5, 'Tudo certo.', '2026-06-17'),
(103, '00000000013', '00000000033', 5, 'Tudo certo.', '2026-06-17'),
(104, '00000000013', '00000000033', 5, 'Tudo certo.', '2026-06-17'),
(105, '00000000013', '00000000033', 5, 'Tudo certo.', '2026-06-17'),
(106, '00000000013', '00000000033', 5, 'Tudo certo.', '2026-06-17'),
(107, '00000000013', '00000000033', 5, 'Tudo certo.', '2026-06-17'),
(108, '00000000013', '00000000033', 5, 'Tudo certo.', '2026-06-17'),
(109, '00000000013', '00000000033', 5, 'Tudo certo.', '2026-06-17'),
(110, '00000000013', '00000000033', 5, 'Tudo certo.', '2026-06-17'),
(111, '00000000013', '00000000033', 5, 'Tudo certo.', '2026-06-18'),
(112, '00000000013', '00000000033', 5, 'Tudo certo.', '2026-06-18'),
(113, '00000000013', '00000000033', 5, 'Tudo certo.', '2026-06-18'),
(114, '00000000013', '00000000033', 5, 'Tudo certo.', '2026-06-18'),
(115, '00000000013', '00000000033', 5, 'Tudo certo.', '2026-06-18'),
(116, '00000000013', '00000000033', 5, 'Tudo certo.', '2026-06-19'),
(117, '00000000013', '00000000033', 5, 'Tudo certo.', '2026-06-19'),
(118, '00000000013', '00000000033', 5, 'Tudo certo.', '2026-06-19'),
(119, '00000000013', '00000000033', 5, 'Tudo certo.', '2026-06-19'),
(120, '00000000013', '00000000033', 5, 'Última viagem completada perfeitamente.', '2026-06-19');

-- ====================================================================
-- PARTE 3: COMANDOS DE ATUALIZAÇÃO (UPDATES DO SISTEMA)
-- ====================================================================
UPDATE RESERVA SET status='Confirmada' WHERE id_reserva = 2;
UPDATE CARONA SET vagas_disponiveis = vagas_disponiveis - 1 WHERE id_carona = 31 AND vagas_disponiveis > 0;
UPDATE USUARIO SET telefone = '85999998888' WHERE cpf = '00000000031';
UPDATE PAGAMENTO SET status='Aprovado', data_pagamento='2026-06-20' WHERE id_reserva = 2;

-- ====================================================================
-- PARTE 4: CONSULTAS SQL DESENVOLVIDAS
-- ====================================================================

-- CONSULTA 1: Relatório de Segurança - Monitoramento de CNHs Expirando
-- Esta consulta realiza uma junção interna (JOIN) entre as tabelas MOTORISTA e USUARIO para projetar os dados cadastrais e de contato de condutores específicos.
-- O filtro condicional (WHERE) atua restringindo o resultado a um intervalo temporal de três anos, permitindo que a administração da plataforma identifique 
-- quais motoristas possuem habilitações vencidas ou com vencimento próximo para fins de auditoria de segurança.
SELECT U.nome, U.telefone, M.numero_cnh, M.validade_cnh
FROM MOTORISTA M
JOIN USUARIO U ON M.cpf = U.cpf
WHERE M.validade_cnh BETWEEN '2026-01-01' AND '2028-12-31'
ORDER BY M.validade_cnh ASC;

-- CONSULTA 2: Ocupação Dinâmica de Viagens por Carona
-- Um relatório complexo que utiliza uma junção múltipla de seis tabelas (Multi-JOIN) para consolidar todas as variáveis de uma viagem em uma única linha 
-- (motorista, veículo, pontos geográficos de origem e destino mapeados). Além da projeção, a consulta executa uma expressão aritmética dinâmica no SELECT, 
-- subtraindo as vagas disponíveis da capacidade total do veículo para retornar a quantidade exata de passageiros alocados por viagem.
SELECT C.id_carona, U.nome AS motorista, V.modelo AS veiculo,
       L1.nome_local AS origem, L2.nome_local AS destino,
       (V.capacidade_passageiros - C.vagas_disponiveis) AS passageiros_alocados
FROM CARONA C
JOIN MOTORISTA M ON C.cpf_motorista = M.cpf
JOIN USUARIO U ON M.cpf = U.cpf
JOIN VEICULO V ON C.placa_veiculo = V.placa
JOIN LOCAL L1 ON C.id_origem = L1.id_local
JOIN LOCAL L2 ON C.id_destino = L2.id_local;

-- CONSULTA 3: Auditoria de Viagens com Faturamento Acima da Média Geral
-- Esta consulta implementa uma estrutura avançada de agregação e subconsulta aninhada. O escopo interno agrupa as reservas e calcula a soma dos pagamentos 
-- aprovados por carona. A cláusula HAVING em tempo de execução atua aplicando um pós-filtro que compara o faturamento de cada grupo individual contra 
-- a média aritmética global de repasses de todo o sistema, isolando apenas as viagens de alta rentabilidade.
SELECT C.id_carona, C.data, C.horario, SUM(P.valor) AS faturamento_carona
FROM CARONA C
JOIN RESERVA R ON C.id_carona = R.id_carona
JOIN PAGAMENTO P ON R.id_reserva = P.id_reserva
WHERE P.status = 'Aprovado'
GROUP BY C.id_carona, C.data, C.horario
HAVING SUM(P.valor) > (
    SELECT AVG(faturamento_total) 
    FROM (
        SELECT R2.id_carona, SUM(P2.valor) AS faturamento_total
        FROM RESERVA R2
        JOIN PAGAMENTO P2 ON R2.id_reserva = P2.id_reserva
        WHERE P2.status = 'Aprovado'
        GROUP BY R2.id_carona
    ) AS medias_gerais
);

-- CONSULTA 4: Identificação de Contas Inativas na Plataforma
-- Focada em métricas de engajamento, esta query utiliza junções externas à esquerda (LEFT JOIN) a partir da tabela USUARIO em direção às tabelas MOTORISTA 
-- e RESERVA. Ao aplicar o filtro IS NULL nas chaves primárias dependentes, o banco de dados isola por negação lógica os alunos que criaram uma conta, 
-- mas nunca interagiram no sistema como condutores ou passageiros.
SELECT U.cpf, U.nome, U.email 
FROM USUARIO U
LEFT JOIN MOTORISTA M ON U.cpf = M.cpf
LEFT JOIN RESERVA R ON U.cpf = R.cpf_usuario
WHERE M.cpf IS NULL AND R.id_reserva IS NULL;

-- CONSULTA 5: Mapeamento de Perfis de Remetentes no Chat
-- Uma consulta de auditoria de comunicação que realiza a junção de caminhos (JOIN) entre a tabela de interações de texto (MENSAGEM) e a tabela de 
-- cadastro básico para recuperar os nomes dos envolvidos no chat, ordenando o fluxo de forma cronológica sequencial para análise de logs.
SELECT M.id_mensagem, U1.nome AS nome_remetente, U2.nome AS nome_destinatario, M.conteudo
FROM MENSAGEM M
JOIN USUARIO U1 ON M.cpf_remetente = U1.cpf
JOIN USUARIO U2 ON M.cpf_destinatario = U2.cpf;

-- CONSULTA 6: Rotas Universitárias de Alta Demanda
-- Esta consulta cruza a escala de viagens com a tabela LOCAL e a tabela RESERVA. Os registros são agrupados de forma composta baseando-se nos nomes textuais 
-- de origem e destino. A restrição HAVING COUNT(*) filtra os agrupamentos em tempo de execução, retornando apenas as rotas geográficas que possuem um 
-- volume concentrado de requisições confirmadas (maior ou igual a 2).
SELECT L1.nome_local AS origem, L2.nome_local AS destino, COUNT(R.id_reserva) AS total_reservas
FROM CARONA C
JOIN LOCAL L1 ON C.id_origem = L1.id_local
JOIN LOCAL L2 ON C.id_destino = L2.id_local
JOIN RESERVA R ON C.id_carona = R.id_carona
WHERE R.status = 'Confirmada'
GROUP BY L1.nome_local, L2.nome_local
HAVING COUNT(R.id_reserva) >= 2;

-- CONSULTA 7: Faturamento Líquido de Repasses por Condutor via Pix
-- Destinada ao fechamento financeiro, esta consulta realiza uma junção quádrupla para rastrear o fluxo do dinheiro desde o PAGAMENTO, passando pela 
-- RESERVA e CARONA, até chegar ao dono do veículo. A função de agregação SUM consolida os valores monetários, enquanto a cláusula WHERE filtra estritamente 
-- transações com status liquidado ('Aprovado') e realizadas via 'PIX', agrupando o resultado final por motorista.
SELECT U.nome AS motorista, SUM(P.valor) AS receita_total_pix
FROM PAGAMENTO P
JOIN RESERVA R ON P.id_reserva = R.id_reserva
JOIN CARONA C ON R.id_carona = C.id_carona
JOIN MOTORISTA M ON C.cpf_motorista = M.cpf
JOIN USUARIO U ON M.cpf = U.cpf
WHERE P.status = 'Aprovado' AND P.forma_pagamento = 'PIX'
GROUP BY U.cpf, U.nome;

-- CONSULTA 8: Frota de Veículos Ociosos (Sem Registro de Viagens)
-- Esta consulta utiliza uma estratégia de otimização de subconsulta de exclusão por meio da cláusula NOT EXISTS. O banco mapeia todos os veículos cadastrados 
-- na plataforma e remove do resultado aqueles cujas placas aparecem registradas em algum histórico de viagem na tabela CARONA, retornando a lista de carros ociosos.
SELECT V.placa, V.modelo, V.marca 
FROM VEICULO V
WHERE NOT EXISTS (
    SELECT 1 
    FROM CARONA C 
    WHERE C.placa_veiculo = V.placa
);

-- CONSULTA 9: Controle de Qualidade - Ranking de Avaliação de Motoristas
-- Voltada à reputação dos condutores, a query extrai notas da tabela AVALIACAO e faz um JOIN para identificar o motorista avaliado. É utilizada a função estatística 
-- AVG combinada com o operador de conversão e arredondamento matemático ROUND para gerar uma nota média decimal limpa. O filtro HAVING restringe a exibição 
-- ao topo do ranking (notas de 4.0 a 5.0) e ordena os dados de forma decrescente.
SELECT U.nome AS motorista, ROUND(AVG(A.nota)::numeric, 2) AS media_reputacao
FROM AVALIACAO A
JOIN MOTORISTA M ON A.cpf_avaliado = M.cpf
JOIN USUARIO U ON M.cpf = U.cpf
GROUP BY U.cpf, U.nome
HAVING AVG(A.nota) >= 4
ORDER BY media_reputacao DESC;

-- CONSULTA 10 Relatório de Inadimplência e Pendências Financeiras
-- Relatório operacional de cruzamento multi tabelas que busca quebras de conformidade no fluxo do sistema. Ela localiza estudantes que possuem agendamentos de carona 
-- ativos no sistema (status 'Pendente' ou 'Confirmada'), mas cujas transações vinculadas na tabela de finanças constam com fluxo retido, pendente ou cancelado, 
-- exibindo os dados de contato do passageiro inadimplente.
SELECT U.nome AS passageiro, U.telefone, R.id_carona, P.valor, P.status AS status_pagamento
FROM RESERVA R
JOIN USUARIO U ON R.cpf_usuario = U.cpf
JOIN PAGAMENTO P ON P.id_reserva = R.id_reserva
WHERE R.status = 'Pendente' AND P.status IN ('Pendente', 'Cancelado');

-- CONSULTA 11 Volumetria Mensal de Atividade Operacional (Universal)
-- Esta consulta utiliza funções escalares nativas de manipulação temporal (EXTRACT) para decompor as datas das viagens em colunas isoladas de ano e mês. 
-- Os dados de volumetria são consolidados através da função contadora COUNT(*) e agrupados de forma temporal, gerando um relatório histórico de crescimento 
-- de viagens da plataforma.
SELECT EXTRACT(YEAR FROM data) AS ano, EXTRACT(MONTH FROM data) AS mes, COUNT(*) AS total_viagens
FROM CARONA
GROUP BY EXTRACT(YEAR FROM data), EXTRACT(MONTH FROM data)
ORDER BY ano DESC, mes DESC;

-- CONSULTA 12: Listagem Seletiva de Contatos de Passageiros por Carona
-- Uma query focada em fornecer listas de chamada limpas para o aplicativo. Ela une a tabela de usuários com as tabelas de controle de vagas (RESERVA e CARONA) 
-- filtrando por status de assento validado ('Confirmada'). O resultado projeta nome, e-mail e telefone de forma organizada e ordenada pelo identificador da viagem.
SELECT C.id_carona, U.nome, U.email, U.telefone 
FROM USUARIO U
JOIN RESERVA R ON U.cpf = R.cpf_usuario
JOIN CARONA C ON R.id_carona = C.id_carona
WHERE R.status = 'Confirmada'
ORDER BY C.id_carona, U.nome;